customer_id,age
acADA9E049CD41C,28
80bb4522a61ca7D,63
10edd0E630be460,28
d2075b525cdCaD0,63
9b9b0DC5dadB1B4,70
4afFe9d1Eea6D8A,70
EF1ef8e125eA511,63
0EcC79F10aaebfC,21
1E6F5f51cBb4b4a,42
6dA8bE20b4EaE64,21
a7e30BcF8d0C49C,63
6fdeefFcBa6Afb7,35
c28ccdA5e9Af946,42
7FD0d9c7A3dA50C,21
1E4a9aE5d7eB44a,21
B03b3EeBd7Fa933,28
DA3cdec1A3E2F1F,21
D8204e5fAFf2FFa,21
a783ffEE4114D81,42
DE6BeCc0dEbB0e9,14
586a5d1b4eeFF83,35
4bA39cf61Da31Cd,14
8f6b1E4cfcD1117,28
4894bdD80A432dB,28
8FeAb1CE14c2A46,49
80AA909BbD1E648,14
d0d98cF837DC9ca,42
AfaFDfCe0Cf2ae1,21
6eFBf1edf8cEFA7,70
F3eddE8eBFEe057,21
eBC7D2abB13ed9e,7
46fBBc1edDDEd41,21
b6a2f7fa46fBa9d,35
142bBDDc0ccBe8f,70
3cd58f1bE8AC71D,35
1012Fac8357F0Db,14
E865ba0d4a7BbF5,28
0E01e503C0d231f,70
Bbac2D0d2771F7b,70
c81A953c077fcAe,28
6903dEb1E791F61,21
0ddFDE8E2bD05be,42
4836e5A4CDDc063,77
9E72DC214CE303f,14
e917BeafeFE4FA8,21
5Ba9b5a11AfAFcA,14
bFc0A0D9AAeA035,21
DE331D31CD25Cce,70
f1cEEf7C0c8A5E3,49
0Daa2A3cB023798,21
7Cd72fF40f04B3a,70
dddFbb900bead36,14
7C1B699aa111D0D,42
9850487E764db0F,42
Fc4fEA9cCeaDFFa,28
Db9A98Da3Ed7bc4,21
1Dcf552ccd918c3,63
EFF268c26540FDf,14
aB76F8eDCB2E6F9,35
eA71ae3Ea9Ad9eC,49
A0Cc9cABB366A4d,28
FcB774B91Aa4950,28
d041Ee3EDcb786e,35
d726afedF39EBbA,70
eBEa938fdDc5FAD,35
109EeCE541F1b02,14
e2B1b09caaE489A,28
EDAcCD78DEf26aB,21
DbACeEedD6D162e,77
44965d0Ea3C8f3e,35
83aBc96A0DD192d,7
d3D0E0E4E401cF8,28
F0FF9bbAD6Dbf3B,21
Ba4Ab91eAc02afa,42
6AFB8F7E322e1A2,35
0f9A8090fed6bFF,70
73174Aa7b56ad1a,14
E357741ffAADE0C,35
bc7CcDa43aD719B,42
73ACd27ecEDe08a,70
2decd8fB7312AD0,42
d4bFDfAad3A85F5,14
bdeD2a879e8257A,28
ED8adC235032a2F,21
1cdB1cEFBdb51db,35
d343ea3C9cdEe6e,77
2B9cA6e14796d7F,70
CD920b289A1409A,63
5cDd94C6FC8F2Ee,42
e93b5A3cA7f28Dc,63
3eB5Dac4d8a9855,35
D7810CDBaFaF4aC,21
4F7f9eCa7B300D5,28
adDCE4F222F74CF,35
a5Ec555C948ceB5,21
111E9CbcEe9E0fc,70
49AcAE8Ecf0B01a,42
D76EeeC7F3dBA50,35
608F2cBEF0aFe1d,28
6804affEA03a08D,42
bfA3B9AF96f5ae5,42
bfBB64146Cf92F4,14
bCBD3adCFe53eAa,70
d1D1C9bc84bA6C6,28
D14Bba6ca1B2f1d,49
aD00cF23ceDA6F0,14
8adF9b9d99D9ea1,63
c25EBAdfd9939b6,28
ab9d2FC139F5eA7,21
EffcfC5Ae1AACDD,42
c23a5CbF2ed52da,63
161a6Ac107DeaD0,35
fa8b6cEcbdF52f7,21
Bcf4781a01cEDF2,14
E6c4cbD1ddeC8d1,28
c8FEB81AaEaEc8c,49
9BbCbfFE7b1E45a,42
aaa5AAfEDF4FFdB,35
f7a006A82Be2E5C,14
B2bE7A3EfaCc5ac,35
944Bfaac7EBCaD8,49
a172f8d04cd8EC2,63
aDBf9B5053152c8,35
Eb5e362DF6d0D8F,42
0A67dcf88485b94,63
07477a5Db2dAcdd,21
afEAbAcDf8bcc2e,77
7C3F7FE2504Aac6,42
30f01c0D64cddCC,28
1cc9a76Ac969C65,35
eC0611dCBf073cd,70
D0269724Af126dD,21
C1383cb07d0B8Bd,42
aDbccc11cA4Efec,21
bE1cFFF9D19597f,63
AbFbBdcEedb622F,49
Cb1E7a6DB1bd6B3,49
1Fc904023fC7Ed4,42
E42a820C7dd7Bc6,42
6144e0c53fB5E84,28
c1dF2Cd1be49EA2,49
eE0BdbE08420A71,42
e8b9ab338594B44,28
b2b0e867b3Ee9c1,35
dccB1B79320FBdf,70
A61F341096c0d25,63
CeA9B60AFD2f50b,35
cAF5Eefea1B1eDF,21
Ab112EA54e454A2,35
0EB68556E8C4DDC,56
cCeA8F5Ff0614BB,28
61Cd6Dd4dfBa0b3,42
cCd9DcFC2a0338a,35
03cADd5CceDc4bD,14
93B09bdfa5d49Bd,63
73d67daEbE61CB9,63
5dcF5C3b96aaa5e,42
D62ecDE0Ab66dBc,21
6BEdbCf77a0eCDc,42
13Af6f992aB54eb,21
5C3C87A93eEaBb8,42
Ad97D97CfD2cFdd,35
EceF2Fca8c01E5A,70
42E665cdadAC52C,63
d7fdf52bDBF9c37,28
a4BF8eC633D5046,28
57a6fEa1F0CC3cF,63
7F6B9FFB00EedBC,70
31406C3Fcfff508,63
Da0BDDf8ba02Db9,28
eD8ea9EF1AE13d0,63
afBBCaAADd988F6,63
EfB6C0FAeaDA27e,35
0F1cEAFaba0888E,7
2A9b2519Bf06EF5,28
bfE1dd1Dab5bc0a,21
fb3a10289A7bec8,14
8aF61D58D2da8fa,21
7BD27cC4c90817B,70
79c5936De39657E,63
ac2dEF5fb9cd650,63
48072bdfC14cEaf,63
9dB23E3Bfffa358,42
625d41b40f2Fa7d,35
E5AbBa42F438b45,42
ff0978A77dDB65D,21
dbCB81Cf21C12e8,28
8B47853372BFDF3,35
29AEe57B1FeADE2,28
9b2D75e7B19dAA0,70
079D05B7e3FBaD8,42
52d9a1D6aCC1bD1,35
5Ba4565cDACCbC1,70
9CFCd6eEEb6E380,28
DF164f9bC9BC3DA,35
caf2bF0f6ef27DA,42
365debcDF127ff5,42
d99aE6E6caF60B5,77
bdeDbf0042C8cbC,21
58Ab857eAEfCe28,42
DB2F0cCD4a219eA,63
743Db5afc43aF1B,35
987Dc3C82eF89b4,28
c4E59Af98A1c676,35
0eed4667eee9DaF,42
8ADacDfF88e4D48,63
B63A8Cccf12f45a,14
4cEc8f0dc869349,70
8C38aEaaeaCE4Bf,70
67DA3e8DAe3fdB7,14
A3457BDbF279A9C,14
Dc43C3a59E9CBC7,63
B3F5D77AcdDb3bd,21
c2950E67d4F729D,42
897cDA23F4E69Ac,35
e7b5Feb3CC73C0D,14
dD4bccaFda4DD80,49
3C23fFDD0af6D9C,28
cCd5B5f8588CE22,42
83cbc109Ef7a9DD,42
FDbFaA05EBDd5b6,70
182Ef886BCCdFEB,28
deD3efdC1E6af65,35
D0dE3d3f66D16B9,35
2ce8D53dd51Ddcb,63
946C934CeA3a7AA,14
eab1a1AaDda153a,42
24B001ebDC157e2,35
AE1FfcdcD20e6f8,42
5c8FD6Ba888EdA5,21
C27d37a2DF3f719,28
E8F8fcfdc4CD54F,14
87B0c8Dfda9e4ae,63
EE80b8db23Adb8C,70
ef0DCd077f4fdE9,21
0bb2cC56Cd4EfC9,14
8d98fbb0D2ECB83,42
748fda3F1b3d9b4,14
3fc0eE43f3B147D,21
bB5D9ef2cac60c9,63
2BAc0F1A0eAB09f,49
40f596bBaFaDd59,35
E7c605F63D6a776,21
54149da35e3FAde,42
8E66EA90EeDeDa7,42
fEf30F924271CDe,14
d097EbD56b0DD0d,42
a56e4Fb3f5EbE36,14
25cE1e0f92Aa7b1,21
53185A343FCaa16,42
debE6bd06f4972D,21
44ca4C9c788199F,70
Cd9819BcbeBa16a,63
2Cb8e4cDfFd2B16,63
F3f4bFC5De09AbC,35
2FaeEaBf7bCFbfc,63
847EbeEF397eaD8,28
38f8D6757FEDaB8,21
0dACe71Afc4fD74,28
eb01Ac8f3969Ff6,35
4123B82958ca9bE,42
fCB032EB4B35434,70
7af3d638A60d90E,14
96eBEea5CDcD765,35
FfedFe0D81b851B,35
Ad112D12b85272F,70
cb4dBcA2eb7B2F3,35
9E7fDd69d850b4c,35
C4b1550E6cb79e6,14
CBbF134C77Ffc95,21
FF1BC3CcbfbFE9C,28
34F5c95D6f6D2B6,63
B36A14f9f0fCe6c,14
d3Ee6fCB0C66cA4,14
8A16F59Abbea2f2,35
2319d9d5d66263A,42
bfA9bbac66dC1C0,35
9dEAc1Ccf2Bad53,14
bdBBC035b37ff6A,28
8CD96EbBA7AFCEa,21
1594ED9A4F92e52,35
63A8D6FD99Bb2bB,28
03E7BD6783070e9,35
DDAd7Fe602DBEBF,28
C57A3C9bbaBBB6b,21
fe68eeA53cfdbd4,28
F571d7021ea9Afa,28
3c0aDbc9917bd5E,63
5FdDcfEEDabEEB3,28
2ac0Ea4B5F6d64d,42
368f3E10fd56Cb8,42
5ba69D2442C3dC2,14
E5572d70eb9a450,70
CD849ABf19d73cf,70
3C48fb4ED252f3a,21
86DAAb5a9f038CC,14
645c6C4edF1dE5C,63
3DE9097903b8a91,42
28f5E41cff6C4FC,35
5D0BC2fbfF6cBc2,70
43aef3682c3303e,14
6Ca1E290eB9ACaf,7
DEE3ABAAcdCcf96,70
e4BE3F91Afb9809,21
9cfF106caac9bBD,21
dAbE7095F0bCbCa,28
33eC5a2285Fb7C3,42
57ebd9BFC921c21,14
b978E479A5CFCe1,14
EA0fCEBa8530766,42
aC7CdB2b820a09e,63
C5D3d68c51c1dCA,70
B21Fc3358EE006A,21
7D9Af8756A4ec5f,28
820Eb2Eb03c78fb,63
AABA6CfbE968ae1,28
6FF6B10947106Ea,21
c0BdD9bDeF5c5eE,28
36d24c1B9Db9255,63
102Df3a626BF5FA,28
89a7F59896d0887,63
B69Fe6BF7c1417E,70
473c6FB6Dd01f4d,21
BFC843F59C9e7F3,63
ea712fD9f6baAE1,28
EC6A6f1bfc2fEB2,21
ec84fc3b5d6A2d8,70
DD61a48bEaCc7eF,28
6e4e3eFcbf58A93,21
Dd5FB925AFd83b7,28
d95bfb651055c0A,21
082c555cAAaDde7,70
8D59E0695aBb7dc,42
C820cE7ece151D9,49
60A61EEA04FcF11,63
DB635436b4dC274,21
7307a576e3fDD02,35
96dB4ddFEe6C743,35
625ea28bB3A2ddE,70
3C57b1ae63EF2dD,21
6BB4A9a8196dDB9,42
8FAbbC1d5DCe83F,35
7E39cD5c3E1A9a9,42
2ed2AbeaFa5cA67,21
eC2B4b44d6BF2B5,14
dc35DaBC18d1bF1,42
fB61bf524b0Ae56,63
005B7eaBFde3Ff0,35
F4DE70b0fF224Ba,70
cEC4d0AA6C25c9D,28
cbDA1aAefB1404D,14
78fccF01abFA1c3,14
6efE487FD062fDD,35
75e93d88BEeD7Cd,21
EDA6C46396139EC,21
9dCbc004EfDb11c,35
AE0ead397a850cC,14
9Fdf846C1B6DCc8,63
a5F41f9F1f75e4D,14
77184cEa41B9dCe,28
a2c23daDf58C5Df,42
B398dCF533B1E6A,42
9a0bA113c3B5eCe,28
95D1eCc3dEFBDF0,14
BbBc3aAdB02d19D,70
bf7682F11e69bF4,21
D12e4c2C29dEeAd,21
2aF3Ed5f45554dC,63
eAbD3D1A3afFbD5,28
889140d9A448d87,35
Dcbfd49d369BaF6,35
b8B8Fa5c5d61Ac1,14
d5Ddb78db4Be5C1,28
d3cd8eCAFE5e7dC,70
dd60278AFb4Dbe3,28
CfE785dae51c9Dc,28
Ac2FBbAC3c03Fab,35
C76B1acC67dfD4F,42
B6cBd6e5ef3ac3a,49
63F976eb588ef73,42
F7dC4c1739D9Cc0,35
77F732Db8A13fca,49
3DB180Af3967c04,42
5E8fc3c8447AaEd,35
B846722C8B8bAa9,21
29094Dd7C6D1AF1,21
a4D5b8c1aC9d7CE,14
5A5E326Da2bDBbD,70
e6518Dc7eD1A05d,14
acE401CfDddC5B1,35
CA6fCCB31EDdFb2,42
d3ad3CeeFbBB569,14
527A0B16F0F0bcD,7
Ae3bd3194F6ab3f,35
E72bA0ED6A21fdb,14
069348492B0640D,28
9eb1f77FB0c30Ee,35
3DC76Ee2ac490d3,7
5889FcbeefFEc04,35
375fcB1B4413bea,63
0b943535caf7d83,42
A5FAcbb95420A0B,35
ec51d11aB5ea107,21
d0AdbA0c5B0aD4B,28
B9b8eb6dEe6E0Eb,35
8FF5442BB075Ba8,35
bE58F31Feb17Ceb,70
A54E529cDf1d3e4,35
ed10b530e088bf8,42
0e9e80ECb2012aa,28
8eab5b9a7FBdCAb,70
7aea2ded6EAaaEa,14
6aafCA6cEaFD900,21
b2D20aA0c01D3d6,63
c42445eCBA58c7E,42
398B0B25c844f7d,21
e0E5D9E0fDCf173,35
8BCE40CFaA0AD0D,35
6bE5AeDDFDAfdeC,42
0B11fEe7143B74a,14
66d437A2Cb0b39d,63
5Eadc0fbD1Ff376,28
325E99c12bCb83e,28
5Cf2237C4DB83AD,70
c3748Ec97Cb4A0b,35
CfE0C9d6AA26fBC,28
a629b4CEDbEab54,14
9DCdeb8dAFE6755,63
4Bc17CC0fC1f7a9,28
dd86a09E581e296,35
b99249F1aFEA878,35
7a3E0B0e6ffFF8C,35
d1BD5fecFaA94a5,70
a7362E6eDAa79Ea,42
1f930E2FB6E7Df9,35
Db481e568F22b9A,21
bDD5afb988F25A8,35
E37D773a4e1e975,7
9ecDfa620A5BC12,21
9ACCF2a82796eDd,42
Ff6D564a3cD2E63,42
1C4429C098Cc85e,28
A49AEcD674d69E9,42
2Dc21aD2e041B5b,21
7abECa1DdB74220,63
13fB248c4d93a63,28
60Fb87dFccDEF4e,42
57BdF6111EdE1a4,63
8759D09d5fC092e,28
61A2d4d1Bc5AD37,14
7fAea12AF0815b7,35
1e76CFcEd8aabBA,14
cDecAaD7fD8ec42,70
7BDBc5cbEb6cFCA,63
d9aedEee8CEd3Bd,28
feC7f4F51eEd8aB,14
F656E3867aAa8cd,70
7A47876b49dE427,21
9DBE44bdFdC6ddc,42
6eda5d0118a25ad,21
e24aA7f154A8D60,42
88A8CfBA7CCACee,28
d06AD9ebdf90Dd7,21
3e4CDd1bD8aBd16,21
4B85d6EcCcB344C,42
bCEa5e283F17Cd7,70
86bDa5e3B9e105C,35
fCade559871477D,42
0cF6C28026aEadF,35
EDD9DBEB1D221FD,28
CFbb2dB9fA21aF1,35
a082aCFEA27004F,42
ec095f9FEAA367C,35
c5A54c40Eb9A1e5,35
cFfBB5a9CfbFaB5,14
5dbBDFe51B6D939,42
e7C792aD3bFd0da,35
FEfCb3b669C4dbA,28
bdd6C497688AACe,42
7Bab00d0CE9CC78,63
ED4Ae054A7Accbd,28
9ae185a4B9869D0,70
04fbFc8eBbDf750,14
bd29dfece5a1356,63
Db8AAF01AcAD5Bc,70
8CF30EAA6dC2F52,63
80374CcfbbeeC6B,56
aC8e8c7F467C9FF,49
9FfeeCeb18d6862,28
a7297Df77E5fFeB,70
06572eC4d0E7c11,35
D9EA2caD4eBef4c,63
cCAe5c2509fd219,35
AC71C11FC122fdA,70
244FDa4f7eeA3B8,42
eCFC80AeBefbf6b,70
442F9b8Fe13aAEb,21
B0f9F2fc949f6cC,63
ACb1Aa828Daf16D,28
7ED1FC4bbab202B,28
C4Da69dBaAa6cd2,14
1227Bc5cB4f0aBE,35
8F446F830bea2FC,35
efe7FeBA4b087A5,35
C3Bb0d4fD7D4146,28
FA00E6EB2d8F1E2,77
9b4E68A88484506,63
1EbBdF18B4b0241,70
0aADFb9C5Fd3372,28
bAdb81aAAa0Abb4,42
74BEf4EF753FC97,28
7b5D97157Cb9b3A,14
2e7eED5D840dbeA,28
0Bf0dB8F3d1c78E,35
fDeFaF5819DCe34,49
9bdC6f8424Ffcd5,63
3bbFe39cb18ceAD,14
A8F19FFE8aE8002,28
7b42BdCEebcf45E,63
8aF2D299F2DC2E6,63
9776EB09973a528,21
95ec18aFFb8ca78,21
DAb670601f438C9,63
29EFDB177e610Be,21
8A296bB5a3d2fbB,28
fAf582fCF704cDD,42
eCE4E160DdB8B4A,42
Cfc962F22C64B56,42
BAC2E0E0E1354bb,28
5c84c21BEbfD83a,63
Ba5eBdF2cFaBAAb,42
01de7D7CE7aad17,21
89b76D90D7A291D,42
AfFb3E3AbcEb8c8,28
3b9bbC4ffC7481a,21
f5df146FaA941F6,42
2BD84CC5E421d30,63
0adC5D93e14ca54,42
1FaBbEfFceCcE0f,63
5d3Ed4Ad0e5F5aC,14
Db9C09AaE2Fdc20,42
b76E2a08bA6DED0,21
d8b99f83e6BFc2A,63
E86ee4bEFBa84A3,42
fAd53D66beABee3,35
0e13CeEAafc9e4a,49
F9bAcE8aA250468,14
B0C0faea97CbeAf,63
CB898782ed91bdA,28
dA735c7F5D996E7,56
2b947fa61ABEcE2,63
295876504E00883,70
C6E377E00d9B7Da,63
Bf5BF3bC3E5C5fA,42
A5fad84adbFd1f3,35
b10a01b4B600E0A,28
4C0Ceb5c5cc3ce4,35
1DAE6c37Fa4b4c4,35
51783ebE3bD669D,21
AADc703DEe8C3Bc,70
0129d055bF9cDF4,77
672B869DE254d90,14
4DD0cff44a3aACD,14
35Cc97B8D4dc9CF,49
1BC58e0eaf7Cf0D,28
AA9bDfdaE5D034a,28
E9ad710A9A3850A,70
4988FfEaAc2DAf6,42
5F52376972D49C0,21
C8a9CdDdFcf7Dd2,21
9e42e56B99aDFaB,35
3C98C1216daA243,63
2EcBbe1ebC8e2e4,42
FFfC3E4EB4BeF68,63
5D2dc35ca5F8628,42
d5Adc8bD5F28898,70
992B0B8aD4B27b4,63
b1b4B7b609DEA02,35
da1b65daAb7C38d,42
2FF4BC9291B044e,28
B6b9b213406637D,35
1CdB85D3e8a4757,42
2eD24c31374cBAe,35
8CdaccDe074636c,14
293b5fFeC0BE94d,49
eFe07e2bFaF63F1,42
8fBd75cccF3fd69,28
DfB8BBAB86ACA1F,35
F5bb98554Af2C9D,21
56aEf20b7E1Cc5a,35
5Cbece7BF6C3313,21
CEFc2a2a667c686,14
6EA81C763EeEEB2,21
CF7aea4488CCc3A,49
d23Ef81F4aFFfa5,63
46bFd459Ded1Ddd,21
eC2128FDB60088f,70
E39d936b0CC794d,35
dACaec77ED7c049,21
a7C9DdAcBcFEcfA,35
E5BE9A3bFeb0adD,35
b71Ea8C1EBCF0Fa,14
126a8FE3ffd9f3a,28
4E850B16F6028Eb,63
D39ABCc0cC2fA10,14
F3F72A7e14f0197,42
Bb8f6EaC30fcD47,42
29eDc1E22ABeB1e,28
dd8BD118BC0bD2b,14
22bbdD019eFc19A,35
F15ACbB64daDFC2,28
C4C1bBC9C8Ed6f3,42
7BDC23a0057FADF,42
5Bb2BEdde862ea0,63
Cd68c5E62FBaDcc,35
c9e996a97d3A96A,28
c4eAbC3E9faE7A0,14
e8fFA1EFE6CB7b4,42
57A27c2427e854c,28
AAF2A7d88405585,63
EFA2AcA27fd315D,28
faB2B2f6a3317ab,28
B5EdF8DCBDd0d21,35
c3fEBceF8bfCcF7,63
c0Fee3FBAbf1E3F,63
7ef9b2dC1c7eF83,14
FE792BaB98ec5Ed,63
6cDFf3eA2ACcb48,70
6f4E4BcA8B58Ece,14
dcaBf8Ced7bDD9D,49
96485FfF86E4845,42
c11BA6A2C61338A,42
9EbCF9dd12Cf97d,42
5EF055197b1ADf4,21
Bc8cC8d7c298FD7,14
60FC82Ee2D7E3C8,63
dcf2e39EC6Ff22C,35
FEfCC83Fba27055,77
52AA0EEcbE0a97c,28
f8Ee9c08BeF3bEd,42
A8BE1BE9Be776b2,21
1cBb1fdA3F9d0dE,63
5FE7586226e00D7,70
ddB8bD44adF15F2,28
EFF0E7dBc87Ac2f,14
c5c191F192dab24,63
073d46e2E2fdCc8,35
908197B0DCDED3a,70
bfAfbe3F56aE7Bc,21
0E2e2aAC5BA588B,49
ebde8e6CCCa7C15,21
4F537EC2ea0c80F,35
aAdc6E01d2ebeD4,42
fD5CE8cac96Ef7A,70
BEaEdE0BFf5eEcF,14
0654Ed80DcB0887,28
EBc98D9eEa5DB2d,35
396Ed313c2d113d,42
aD2aff89CfcE593,70
951AfF81FfB8d0B,42
3Ca64aC3AaE89ef,35
2207AdE09A908dB,35
1AC2Eeab51FB99e,42
531C0f1Fb9A9363,42
4F6184ba88B2fd9,35
C078C5DdBF447Be,49
d097AEDc9E6b65A,21
5FDfC30E3426ef0,21
3E5bcadFbe9e1fE,21
be97b839254B299,42
E69cbD2BcBF4aF0,63
fe0eb9B17aa99Fd,28
FE347ECDC8DB0E5,63
bC8C8B0AeE8A9a0,28
9f1BB15fAbBdb56,63
d278Cc25F01DFed,63
35e8EE4f71dA7ce,35
2F4316f97615fDA,42
8D0Bf8665249167,35
6C750b3D5ba5b5a,56
1df3819646A84ad,35
Dd5aF889eB6e3da,35
fF0Acf1F7F3A2ab,42
Fc9e8F615C8daAf,35
59D6b9cB6CD5edB,35
CCcdC6e57C1FB89,14
27eE8bef8ABf6C4,63
5f627a5b8c02214,35
ba9f5466DC75357,35
DfeC2B0088EF6f5,35
CEB8cdE52F0F237,63
aa1e30a5632CeCd,49
8669636c23167B0,28
c7107Cf522731Ab,28
BF6dbfB6688f527,35
b9483FC6c40aEB8,42
a7EEd23DEB2526e,28
A2dcddd2c74054F,63
BDaDF67eee3581F,35
224fbF34F6A75F8,49
bc05b9c74a3C20C,70
d633EC7887CFA9d,42
F88Fd8a6e512c33,70
6bBAce8CA8f9bf0,21
AaEC9B4DB9EDE27,42
22ef03215fd9D7f,42
8bE1DAdf744b427,42
B0800B5AC05Dd3B,35
Ec053Fd5f2894f5,14
1AF171F249CBB47,7
bAfa14f1f3F6E1c,49
ddEdf6a9AcD7B70,21
909b15acD4Be88c,28
8EAD64EED301Dc7,63
1DA47a118eaDd3f,42
6E81c5cc9cf3EB9,35
d8Af94422Aad2bd,35
9dba2c93A5dD34D,21
dE412481eae87C9,21
E04dCEC9e59304E,70
5D2EB78caDfbeE8,14
bfeeA60eb45a111,28
d2446B53FE6Bfe0,42
4Ba6b44FfF5Aba1,42
0B150F4EeAE16C3,63
BcBe7E439a73Db6,63
eef4fFe26C1dCf3,63
6aC39994CaB8062,42
99d1CE9858FDdE7,49
4efB9bFDAbC55cD,21
7DdA401Fc4744E0,42
EaDcFc4C6002a36,35
aED5dfD2a7518aa,56
0F66CDaef256bC7,35
88b6edabFf8b1B4,42
e9Fdebee43E5b66,28
FAF1eCaef0BDEBc,35
95D72f0aEfe01dF,21
cfdE90bc3D9B21D,14
dDFdfcfBcA0d6B2,21
004Bc46e1De543F,14
98F5ED76eEEc972,42
f97CFA6E6AeFFf4,35
8BD4e293fBdaf60,14
26afA01D3B37DA4,70
cfFc7dB498A6D76,42
4cd261Bff18777C,49
285e7bd94f6FCca,35
f76CDCa465AE9dE,70
3ba891fe0cDa098,42
CCb1c45b74EA88C,70
DCeFFb55eB9F42F,70
cC51cDF0dDAAB4a,42
a9e3Be5ac5898AA,42
609A48BdD3FCedC,70
79cc39fECF3De24,28
3Ea54BdbCbaaE3D,70
44117c5fBF89C51,14
594f3cfecd3a42b,28
DCC21f3cd4511Ec,42
1EE9681E1907A6d,35
6787D35def33488,70
2c820add83430cF,42
a1dDD8aFdeC55db,14
4ff1bBF42A0bFF6,35
10A457abfCEdb13,14
771A70F63D33Dab,28
d58e37D99dFc3D4,42
F9af7f0fCE3AE44,70
dedb2b6c6ACF9d1,28
88dC0BbCBB659f6,35
dB12409ECD61cab,49
Ab4EAaaffC27a89,35
C81441c0554FBae,28
D3CdAAcA3f7BdF2,56
4CBbCc2FDD7097c,14
7d20B19451F9feE,35
7FbB0d258dF853D,70
E7bAd1d6ce4FbE6,14
ae764fD2cCB7Ee0,42
175A4E48d9Be1b6,49
cECDEdcAb7aCD8E,63
8f385BEF965dd04,56
aAF1108DD519d10,42
BEcDf91Bc165b90,63
1cFFaA7e6e2b880,49
BBc954c5cBf1bFC,14
B1F86dCb698d44f,21
7eADfcdF13a5aD7,42
de26AE1e16ECe78,21
Cb0b3C3c829Ca64,70
5F32eecEE68A7Db,14
c3aCfD3301241f9,21
493aaAb1205Ea7b,14
14BA3d6AFcc16ea,42
7FCCe65f3B670bd,70
3d946B63d5DcB07,35
9cecD22dDEFDD49,28
fB0FFe3A711D0F7,35
EC27D2e7cdAef80,35
FE08E4D17Fb67fF,49
3E047C8111DdDC6,42
FeB1C8ef8d3294A,28
eDdf5eB45CfBC45,21
223CC9d55C4B06D,35
FF123Bd20CD0b8C,63
8a3dae949bfE4Bb,28
16a89CFB309Bc3E,42
dbDeba1662cE0D4,35
BeF4bF1eCdDa836,28
D40dE2c0Df63b7b,63
e727aDFECae4A5D,42
EABB5d87C4efEEF,70
8FeaCb589fcdE13,21
60E21CA8d928278,21
6D718CDf53f641c,42
28bdEf00860a055,28
e0bE43A2a77c519,70
2CFf19CfF5F3667,35
E7cAB0df0fa756E,14
42D36d15f171A80,28
DC8d81d43E1FD04,70
EDf61EEcedfDcf2,35
e095b216A30B56C,28
F3eD98E0Ead2860,63
A59FA099fDc387A,63
EeB14A8E0cf01DE,21
F174f1b7Bc22cdF,35
6B3c1d00e4cb0e1,77
594b9d748194BEE,70
BBaaBC8c14d746B,42
bAd1A90b8BB2d59,14
eC0DD54F303f2b4,70
7E045e02Ce6EcFF,42
f978E6CCb4b7BE3,35
b462dCd0FFf2DD6,14
318a8259d98156b,70
b3459edD95E792E,70
BfACDB1b3793BE3,28
d625a0EAcb12EB6,35
12F97dA2aF8fCcB,28
9AC9A61CFFf4547,35
62eA4FdE4AA5a5c,42
FcAe7EF35eDFFDE,70
0eD5c8dBA0fBAeE,42
c4b6A7C5fE66da7,70
FDEb22Ea679Ccf0,14
Ab89DEF9c59A6b0,21
F5eb65DEF3eEbDa,70
Ec8df87cf49dBc0,21
53956233DbBcf1e,63
f46bbc83f117532,42
aa05Be04a7Abde1,21
efA5fC9874cdAc7,49
cCe1E5e998dC8aF,21
7eD0eEE45ece3Ca,21
a3E050bA8DD53CE,42
221A59fE088EeBC,42
9D39fbCaec4B1a7,42
275dEed4FEbAb61,21
2c7fa7d0C7e9CDA,14
8CE2c4b91a1FFbA,70
96dd74b9CCEF74B,70
A0f6BFcea2ae9Cf,14
74dF8112e01864a,49
051b9e08E56aD45,14
053feeb859E1925,14
AeBD26d0ABc8A42,49
d949fBFECC21a55,42
7f4c2AF0c6f294d,21
EAAdfCDe03E9284,28
Bf32aE9C906251d,21
257Ee4f75aEA85e,70
eC9EEfFb8f021bc,14
dF68acD3E240eBe,28
149d01CBfA1eC63,70
4c2dA7e6Ac2C300,35
3d769410A2dC66D,49
Fdc8AdDCcaB21dc,63
FD8bbC2Ec9E63C9,42
34bc5824c5Fd8FC,35
d2a5bcB1Db6280A,14
fcb5Caf47eDBcEa,35
150e8daFf1ebccB,63
ff7aEFfA35eC7bB,7
190fccFeBe9AC66,63
EDeBD92f1B1Be96,70
AFEb48bdc53de0E,14
aB0BA8B0Ac4FdfE,21
C7b22a5aa73Af78,14
dbE1d093bF2F4ff,21
92BdB40cf23433d,63
BccE1ecFfEc44a4,21
55CbF795D4cF843,42
7EDCb94d3CF2fbf,21
1dB0fD4afD34eA3,49
Dc2aE31A94BBeaA,42
cbB7cbb5FD0DDEc,14
3d26f5ab5bd0A93,63
884Cec6569F8589,49
4BbDbbEcd646b3e,35
f74A78B0e4e8E95,21
1FAF4156C8f0Ae2,14
3b9dDE56Aa4CD5a,21
74DDd171eA5Ece9,21
Fc4e95dcBffBE24,42
48AfB7D8d4d9aC5,14
E2b6faAED5E5e40,63
E157Ee55B67c353,21
C9Fb6Ceb1AbA39F,63
cCdEE7fC4CF9EFb,35
55FEA46c048099D,63
FaD3d2fD2e741Cd,35
B7Ef2E54a6b727A,21
bD2cDabaa5AAF01,35
f00f9bAc6Bb0DF1,42
0f6bfFA7Cefc97f,63
06FeeA69bfBd659,70
2EAb618ABB2AEe8,35
285E2DeB4e41c94,42
e9FfaFb292Bad68,49
B0Fb56783EcDafA,35
40EC41Bd3e4DFBD,14
150Fa0aDC3b442D,63
9a4Dd7B57Fa1C1c,14
A77fe3CE42aAc5d,49
a904cE6ccfaEbc3,49
3a5ee40DD4De66A,14
A72e2f96aAfB944,14
b93c3CEE91eCDC2,7
B62BA649a5dF86A,63
AaCAbB8CE8E12B4,21
3918D1Cab2aeCCb,42
87BcF695b8D5d49,42
7ea99094efEfCd5,42
124Ae7E1bED56F2,63
DF0eBe00ec323Fe,70
05fc4ED31A2C1cF,42
a1Dd2Cc77F57d5B,21
52DdEF1eed6A5cC,63
EAbC948bb75eFEF,63
e5D99a1C35Ef0ad,28
019C87BF0cDAbB5,49
41acbB57ab9E2BC,35
aE7A2b886FBDD2B,49
BEFAE33ED2e7Cc5,21
F499a3caA2Ef7c7,63
C58eAac5d1FbddB,14
5F264dBA8FFce9D,35
d568680a1F3A9EF,21
56CA809c9Bb6c1A,35
1aD9eFae5617b29,42
eB1adB636dddc67,70
4804CD2dd151c83,70
212Bb14481D6Faf,42
ce907ab8eB1B199,21
0c48FdF00FC0BaE,63
3c6453445B6Ba00,21
592C27D7999304f,63
5DD31b97C1c52D4,42
56Bb5d6DAb8bb3c,14
EdC7Bd08dC4aB63,28
aD0A7E3cB00FDd9,70
5ADFd78330B9Ea4,28
3Fe01FEd3a2B66C,63
aD2b3b60B29afce,70
d9D1CBDF831309C,63
D0EAdF4b76BCBce,70
6A322d4D801dEAF,63
b1e46922e99B309,63
7a5Fc9bad02dEDf,70
AdDc82cBEADeEBa,21
caD1CefFDdaFC6f,28
C5F8f8eE862a0Ce,35
2df8Fea08C9B01e,14
5db7fe0bA8A71d4,42
9c8EE8BAc25dF5C,35
920c7aBEEb734e3,63
6F8A5eBAbaac5D4,70
7FAa7a777a7E07f,70
E2bBbE9D7A8F28A,63
00CC28df36CdD78,63
f5235336aAB9BDC,35
e3EBc325173becd,14
D17fBea1A6eEEAB,35
3bc5C3Ba10a8AFc,35
cb3a676F6E4072c,63
199D8f1Ea6BD3dE,35
AB3DC06c573f9ED,42
E79766Afbe1cce5,70
7CdA51CFF6d15aB,42
2127b509023a361,35
2B6743f9cea90A2,49
88d57ff25B3Ea59,14
D1a2dFF6eADFFCB,35
cf26FcbbeCAcdD9,7
6aDEc4e3Dd0Eaa8,35
63Cdd6D1Dcf0011,14
a6c2b1A26e60efe,35
47AE5B5D28A29BE,70
c0d3Cfb5E0861e9,77
C26f8248Ed2BA47,70
4E8fA807cFFB1d8,7
EE77d9EF115cA58,28
04d2254ee8ec4F9,49
6F27ea30a06D966,77
d6CC1dFC9ac59f2,21
4D3d7A3b67ee43e,21
25cb5eFFf8a290a,56
2eeD819bdD3EeE7,21
0dec62AACBd98bF,42
aF30D33aEc02e75,35
af7feCAFbe044f8,49
e4AD698e57fa1dC,35
E3b3A6B9f250be7,35
dea7F6EbED6c4f2,49
E2357f0beE24fb6,56
BDfbF68BAc329b6,49
f348531A26ecce7,63
69849cDd5a811bf,21
a6C7Cabaa26a97b,14
FA527ea665D1dAf,49
FF4885d39872fA9,63
EBc42E6C33A6D4f,42
48dF320f0C860aC,70
8508b3eFAaBB0Fb,35
b6d75edac89491F,49
f90e7cac722555e,35
DD6DF3aE9c07d28,35
fED53bbA13Eae38,63
ccc1bC35b5579cC,42
AE1B904ABf89Be6,35
4AB4858E39dfD83,63
03c7bFc909895AF,49
35979835232b36e,42
EcDc28fdB3bc6ba,28
768305fAC784aB4,14
8EBAe96cAe46beb,35
e5dbf5Cd72C6B9d,35
73bE707B28EC9d1,21
3350cAFab40C61A,14
39d463684fD45fC,14
0cBDC4a9DDff4e6,7
bEF1d7d4f4D26B1,21
F0c55B20fFf9BE5,14
aa2a7b4B5de6ae7,14
0Dcbdcb0ACA683A,35
D90ECddDA55316f,42
a0Dc27FE15f8D7e,70
a739F85CDdf3e8C,70
aEb8cDd597E09DC,35
4d3ccf65eC52AeF,35
B4DCE67367523f1,28
496C9c87cbC8fce,77
CFBB114A565D69a,35
4131f2ce6b5CE80,21
4ECf0BaD5550Deb,70
d088Ffc13B57AAf,28
ef3Da2ceDC4A8f5,28
EF6788A3Da3fafF,35
32A6A04a7235aCD,70
d541a83db158fd0,21
0eD6394E5a149A3,21
d29233F5C42eEeE,63
C4A30bFBDb5D9dC,42
9e8CfF0fcD35dCd,28
99dfAa2DDcBbecE,70
EebfF3CeCeBFF1a,14
EFa09BB9faaB2F0,63
5EE6edD00f5Fc21,35
5F39ddFEc8b0e6c,28
Dc24eA9Ba0aF29f,21
Ccc869E8BC9EDEA,35
1df1f2DA4c03b9A,42
7Bd7d2bE34477cf,77
AacB0FEdE7c96Df,70
cd92afE9D4d95Ec,35
EC8282dfA59B59C,35
1CAADd0340B642f,49
CC64abD2Bcb03eb,21
8E86dDdcCE8ee80,14
9Cb8296F2e79259,35
2090cBb8B6f6ACC,35
e6116aCC9Ae85EA,42
838ed28B6DfA578,35
25D26e5D30bf3D3,35
dEbC76fE9Ca91e3,42
aB7BBaAFFE60A1f,63
B8dfA76eAEf8FEB,42
aa7FA01d3FF34FD,21
92bdd7aAa39d0eA,42
0eBb13eB3f10A4d,35
acDEb7d6e1dc0F6,28
Ee12e2deB8eBBAF,35
5F691A013c4aEb8,42
B8D9F7868cb5FDC,63
7EDf3E945EcaA1B,28
eB934e6d39B095e,28
e614EBEbFBC1A0C,28
6ff3C95aC22db75,35
73aE92EFFcE1bE8,21
EbfB2C2E079DE09,42
2adEaD1fbf63dd7,14
cfde2C60632Bb93,14
1F049b09b9e7aBC,70
9faa088b5134D5f,21
b9F6119eb846962,14
5D60DE3bEff7a21,21
C90C2dBc0Ad6dBd,28
86E4819F0cCDACb,28
43b8972C0daeFb2,42
c074Eac9492EB99,42
a451A8E7adf58ef,14
4d8367B5caEBebf,42
938A00D8307a1B8,49
f4CD609b1D8ADE3,28
E146B20C42dd9cF,35
EEcDd442ce7Bb1B,21
7Ad05ea68EFBb11,21
2fd6fc35def9FFc,14
BAd8200deadc8fB,28
2D2Fa51deE8c00E,56
A5c7A6af1C73090,63
FBb6aDEB9796eFC,21
C0eA2ca7eCc81B4,70
d03C7D17fecAF5F,28
3a6e75de6BFc0E6,35
f2B5a8f213c61C2,28
dc6BD8cb2F6EFeF,63
E162dF24Ef862B1,28
ab1AcF6E3f7A2E7,63
0532Cf0fF6AdEa2,35
dd748AE1Aa481A1,42
dBdaCCD436edc67,28
a41C1Bb7460cCFE,42
BC3FaDD3dE15d05,42
6678f03412bED67,21
26cb9EABd8a5aB9,42
Dd0bfF4A9bCfEA5,7
da47F1e1EFE15D5,14
2AdBaAA3e2ABB7c,21
C1e13136CfAaF4c,35
0F25Ee7C9AeA7c2,28
ED2f857e43FFeF8,63
4DDBBAe15fc6be6,21
905CF81D256f3bF,35
fE8aA3354964951,63
D176BcdCb70fCe5,49
593f339ce45bdfa,70
Cb52543fFb7A1D7,42
6Ef15D2AE5f801b,42
FDEbEE61d262F6a,70
e97A7c30Adc45b3,63
073BC2A168bdfC1,14
f4cE57fB1c6d7C7,42
3d7b2fc91e5fF9a,42
aAD394E2EB0baDb,21
518fCF4324B1FD2,14
031aFDd9BE33C3B,21
b93A7A2cCe0A632,35
8E37AbbDA17C4C8,14
7f1F6Df6BdF7e63,56
175f166043df2a4,42
bf88CaABCf3dcBD,21
a8CCDDBB84B402E,49
ec9fb5423CbE09C,42
Bd017f917c0Db3C,63
eDE7DA182EDe976,70
dD3FCCd6ea735CD,14
15C524bD80bbaD0,35
ad3Ecd5e4CD2A2E,35
4312eB44eE1a1ab,21
A94ED3dbb63ca83,70
9bfa95cBABfBfa3,21
4D6A5f167b0BC40,63
6Caec79bF8aad7e,28
1Ba8d3d8CFA3A6e,14
E6215ebEBC36eAa,63
BbedF4c88e2Bc2A,21
B49de744Ab5bbdE,21
7DAd4d542C0E9BF,14
BcC2EFEdb6216de,35
121DFB7aeddd0e6,63
9B55CEBae8911B7,42
73d1bA77Fe1b759,28
b942D2a6c1f32F3,63
3fC2B2FBaEaABa6,70
fB0aeae91F6C3c3,42
B435B8e037cc986,35
bfDCcAbA4893e98,42
a7b198a5f9D6938,70
E77E0Bf5D416e8B,63
e3Ac92cA804AB3F,42
A1d2864A2Df1b4c,14
dDD87A43D896C0d,49
7D0370c49e891Ac,35
1e5bba109B4b059,35
d9b1CE311CBC19D,42
D70334aA1951f7c,14
e31fECfc6D9bB2a,35
ccc7A90F25B8976,14
46eEa9D4C49FC68,14
1D065Ac73dae08c,42
CAc77B224Ed02AA,21
E3ccA30ab4E4D47,35
1B5fa39CC5f42fb,35
90cA0343ebAeB6E,35
fbC6aeDF0EC6cCf,35
b2B5cDCFEA2EC68,70
C017d1E5C5Fe66D,63
c2e3d2F56cbF9dD,70
7C0fD50B00fee00,42
fAb1Bbf1377eBcc,21
8Ea0Ab779BeAEfA,28
13376DE7368C9cB,63
160EbFeDf89E7ac,35
D7F36BCd03C7FaF,63
9c2e9C6E78a3965,21
11bC0bE296fdaFb,35
c8a9B37FA0fFD2d,63
dCFe9B6FbDccAEe,70
79BDC94fA4B1100,70
DDAE7921939e4ae,21
7b553AfEF10f497,42
44af4c52cC8000E,42
b77E1EAd78DED17,63
3ddBdB6f7CCc8a2,63
92bE6a94cc0EeCb,14
aDfA1BDB37f66aa,63
e0abC153ED1e477,63
4b6c7BF970Fef3C,35
3FCb94AAfBcecBa,35
B2934a4E1dC247c,21
f4e2bdDDDdb2f0f,63
17f5FdEAEef6DE0,49
9Af6141Bd1c3a4A,21
1dd286Ae6FBb8B8,21
AacEAFE9Cc5c5A3,63
F7546B3198C65D2,35
D5f53783D7fd6aA,14
0288b62A4C225cB,42
89f90d4Ded2d4ca,63
02eE5543A745ba4,42
22fd7d0274cBdFF,35
4b8AE467cad195d,14
d8eEe3fb144a9fE,63
d3e4F0Dd4dbdc8a,56
A584b8c45bF0D7A,70
32df4fC782CcD96,70
a7dADb0a43FEde4,49
b9d405c9a561DC2,28
DFec44eD1E06AEe,63
ab0EaD3C77BE163,42
cffcB2ea0B6fafd,28
7c6bf5bCD5fCd8D,28
bC42A58eB158f90,21
442d184F4AADA83,28
4c66CfBE2F2a5bF,35
f4B85C20bD7BDE4,35
A4aD32da0Dc4C0D,63
BE8B58FEb20836a,42
28C4b635Aac81Bd,63
90acAeE59b8Ca13,42
7afDFaEcD2DdDCc,63
B9a9ABd5E3E8DD6,35
d68A7c65aa4A1Bd,70
B8D383Fb0dD6Ce7,14
D4Ce7F86a2ECF1f,49
AfD36AD735EF320,63
160614DB1BfEB70,28
1d0a559d2B8ACF7,35
Ec4A37dc8c75FC9,70
B5AA0d71096C923,63
A212e8fC92be1E6,63
CABdC871cdCEbeb,14
70c77Bb8f5eF09a,70
8cdbbF0015Df19a,35
ECACfa1Fd25AB1C,14
A2eC8ab66BB4f36,28
d1aB6bf0b0f2B3f,14
Fe0a59C6befaE9d,42
6f9eeE0fE98e89A,42
7F46c784673E2C6,63
c2BDf6A1eB98386,70
8f422FE7C80907A,63
fE5cEe704c2d56b,63
852e7D539e8C3ac,42
2cA282ffbAcaEfd,35
89C4b0dBD0BBae4,28
3A8B7E9FfdB72CB,42
94Dc43a1338FFfF,70
67AcDB1B05FAB47,70
b33AA7Ebc3AC641,14
C1bafc3E8d5c546,70
f4ACbcf8Eb3fe04,35
550320C8dfFCAC0,35
D7DBf577C5Fa6F2,56
3b17EA55D602aEb,70
c6173271cCe3A1A,63
7Cb2b53BAeF7348,70
72CCaddc6F4CD95,21
4E8Ef42d4bb5bBa,63
68CCaadD6e62fDd,42
7D29D8BAEcBD022,28
d6Eb4c98B687a3C,70
0C8dF0bc22cCaBd,35
85E202D5257C191,35
aa4B837aa2CD68E,56
a13f5F1ff5Be6f7,63
5Ff9eff517522F6,35
DDF05468f421bAd,63
bcCbcc204fdF3ac,70
4eab6Ddc658eA8A,14
660F7cbc72e083d,42
A9Ef84E1CcBd098,42
EC7EA571fd7b7a2,21
7c1C4efBD7FFdBc,63
6ddbE2c58EAE2Eb,35
60f8aB6E9236862,56
66ebe31362a12c3,35
83EC99ECA26aD0c,14
0fCec8b3BD2656a,14
Ec7b17Bde410f15,28
A41C88B0Cba2694,14
7AE3D5Efe9C7cD9,70
1D2c0FfD9eC5f43,70
3e30FCf019dd112,63
CFf75e6aC6CDdb1,42
DE232eaEE595B04,7
4E6Fb335c0A00CD,21
Fd6a3EcCEfF0abD,70
c9B9e8f988164d4,21
6d5DCE4F6a8EdE7,42
8Dbe03dC6b5DcEC,35
6Ac1C6a47aa2BD6,35
17cBbc4EC1bbFA4,70
3C87472A59cFEB2,35
ef58D1DDCB2c3cb,28
c141eD4B9c8A30F,70
626C05b4bc0413e,28
42B6A38FF061D7D,28
4dD41d647f24bBD,70
7baFd439CCDa0bD,14
727F8cee89C7ED3,77
FcE8Ac208bE1aeE,70
c7070B0DCCC8e44,28
95BddC6FFfB8503,49
EDef1DFCa54efb7,21
aaa77f3FF67a3Ec,14
FF9D8bbF88eD259,35
b2d5B48D90278b5,63
0f3656f2EB6c0D2,56
32f3aF40BB1Dba2,35
6A79a45b9a4bfEf,14
8d7A78bD5b1d3AB,63
B06bCd8468Dbed1,28
5ae4aC3F6Ba1d3d,28
1Be5382df9D2f4A,14
2C08f9cD28bD034,14
ECB2F7dB96DFC38,70
fb6D40825fdaf6b,63
FDaDA93Aa9d8FEe,21
fcffBe0ebC06121,42
D4580c8c2e10021,35
D78e5Cf2db8eE1e,42
d05b4876419b31e,42
EdD3CAe9ebbfcAC,42
68f35DfebFdbF78,35
B6aC9e131b4DEbB,42
e73c044DcA03Dad,42
6b7BbFe17c77b33,63
A499BE9EfF1dcD6,35
eaF6e9C99803B27,21
3BeD2fB1eD0CA1c,7
9aE50EEe8bDda1B,14
644BC0Df7b9c124,70
52C62f9cefe9F3f,42
Ff6B215F200Da14,14
8AcAFdDD6e2ACe5,63
6Ace37BAaFd991c,42
E6cCaEdE513B6Be,42
b07df24efC15638,42
1271ab323BDd6EE,63
F8BBe4370ec7970,42
BBe1e802a71A2f3,42
aCCF3e7CcDb163F,35
a8c60cfFCC2aFBe,77
5BdF7B1C9FCFF8d,35
559a262dCceB52a,14
AfFE97915Dffd5d,70
aC6A73700dd8a5a,21
EF4612107BCECaD,14
A0baDD2aFD82CEb,21
1cDC4d0b221eAa0,14
9aaFEc12ebdA078,63
CDe6dfCcaAbEd92,63
bc5E8cCD2F8792A,14
69175Dc6eA96379,14
a5F8E0cdDeBdAEC,35
a131C83BaE375Ec,63
ECb66eD1affA0e6,42
acaABF2A9624c51,35
5daD4fCCD6703D2,42
9Ff42daAFdBBbD0,42
B8E9b20EB2FD7d3,70
418e5e77beE9EeD,70
5f6AD4e6aEf3fA0,70
cda75ddc3a55DB8,14
Ca122b11abdd9db,63
dDACDa6a826FCc3,70
44dAEf0dC34f4a0,49
aaD5f6C3AFA5F0b,35
eE2Ca5dDeC4eb69,35
95CeeDFf09f111e,56
b12d7F6Ad4992C1,28
efA407BeB65d3B6,35
Ff9ed717387dDF0,28
2b5CA67bA4bf0Aa,56
70a8f87FBDb2bC9,28
0D279Ef42EC9FfA,35
d544Be64eBeef28,70
7DCD9E14bF0c7BD,70
7EbEec1BDADD5E2,14
2c94Faae4bc492D,42
a86aA2CeCE90F68,42
EA367481F1edAcB,42
F2e28aAFEA96Ee7,14
A1a5D94CA89eb9E,63
03B3EC2516Dcc0D,28
E5EcbF83bC7BBA5,70
81BC87939a70f03,70
fe1c5a02B8b72Ec,21
d22BD8e36C6d00A,21
2dfC6A5Df63275a,63
e8BBE4D5FeE36dB,28
e52bC47Fe9d36d9,63
Bcb0bdCB05ac910,21
1725BB2361724f2,63
9DA56e76DF1cAE5,70
DE0F65f3Cbac05C,70
e5E6F948f46EB4f,28
8D869e41DdeaAAd,42
67d218d6C8fe5Cd,70
8BC083CC085E07f,42
72DE16baF1Ad30b,21
63ecaC4ab73c756,35
F8DDc5dc492B743,28
7A5Cc11F4EaeEbc,7
e80BFF7BafaA3CB,35
98aFb8fC645c0DD,35
177c12F4FfE57FD,42
fd7AAC70ECD1b0F,49
B06C0B8389CbEfF,42
E901F75fc8D6afe,42
b22f8325DcCCcdB,28
5e45D96B2d0d731,35
1Ae7de7Cdad3561,70
DBc2fE35Be6CC5e,49
baabd7844a5A59E,14
f84f6de6f3D13FA,21
2FA953ebfeFaFd3,21
69d8f019022Fd44,42
de6D243188eb6aE,14
7756DE96191eaBe,28
5aAE6b3a8a8FB60,49
E7f238eBD7F4CbE,42
965A217c9d18E59,42
B22CCeB6D3142eb,35
1903Af6df8265eD,28
a6B7d7FddFDcfF4,35
9786dCDC19D4DF9,28
5dA6dfc5EED5cb6,35
A3dcDDBf8b7D5AC,42
b94ebCcD43AdAf9,14
324D96BACCE56EA,70
3DA41176CeB77ec,63
0Db79A513B13A22,28
ecdA1de5EEc84FD,70
f249CAFDe4DEf5E,28
e88c06550cEBE6a,28
fEe187fCE695ABd,28
e601d38cE64b091,35
E2DCdbECBE5cFaB,70
1A0B589f06Bb04C,63
D331C0DeDbAc239,35
f62dD42cb83F1b1,35
bCdFCFBdcC0Cd8d,63
aEBA5B5e3EFacCC,70
4aC58Bb4b1b3e4f,70
b9224D3EDEEda53,21
CC3DB3B4FcBA8cC,42
93dcfa7F0F6dDE3,28
b7bBcf83CF1f647,63
a898eaa89dAd7F9,42
DeEBB840F077cF5,42
bB373cA85d7bcF4,7
4B87610ddffD7Ab,28
fCae615cb3F10bd,70
5A474f26656Ae7B,63
16DD10f68Ec09ec,21
EA61cDE79d0a97E,42
5e4cCaE0f224DBd,49
D1FB6CF73c4EcA4,21
1Dc7C73D3FFcCfc,70
5e7aD3BFaee41Fa,63
DdEab3E36f819Ee,63
761b7a3b98Cb283,14
cD54C16C52b772a,42
1495b1e21625D7d,14
6FD2354C5A1bA89,28
4CBB9f1075abE7b,21
FBcdbb9ae27826b,35
D23Fc2E4639c2fa,77
7CeBA0CA5E8D83A,42
Ff1CF9b5fD2FDeF,49
a0fcEba7d89EF88,70
D9D4aE64aaA0ECd,63
848ed58BD3d6CAC,63
c3bBc70cff1cbc0,35
d5686d4C70df54a,28
f6CF06d085609Ba,42
8281EccfbDe2c76,28
dBE270ccAD16C29,21
46f48D55eB21360,28
c63b437bBD0e960,42
F43fc1871BC8F2A,70
ad4C94C8aD6FE43,21
Aea95DE048BdEAa,14
A1b13FB5EC0EE24,70
eb2aeE1bFCe60af,35
d4CBA9Ee17B67d4,42
0F3Ba4E0EC5aca6,21
9fb8Fd8E6d6B046,14
4Dce7dA7bC6Cb59,28
1BDcfadbB1faDdA,70
41aFcF2Cc910D4A,28
a028394eaACD56b,21
7e6ED0BECe27eBf,28
4342cEDF5fC247b,70
3DE2d9D2fCDcd6C,63
aC73293ef7bc4f6,35
e2A6B2Cd7caFbc3,28
c034Dfd3dBe497a,35
0bEcACFbf614BdF,14
704a667Ebb20F54,42
7c916A5cA818019,70
b6b147B1f2Daa5c,28
cC4EFb394e1a154,28
Ad6ebd11603dEDB,21
76f907bf16E0D1b,63
c9b7512a372f95E,21
e708375fccca70F,35
F664c2DE1AAbD93,56
9d80E2DF1CE1E09,42
5F69c14Df7bf3Fc,49
cFcFE93cCF66D48,35
DDbf8dAcDeEAACB,49
D5B3dE9c04cdbaC,14
5078EeFC16495A6,35
ceeFECDF1A2BB5b,35
341B3aa1f8eeA3c,14
4D5F332199220bb,21
eBDEBdA00C681A5,28
8CAfdAB775c6dF6,42
beFDfe1db2955BE,63
4beABBFdeBEbdCD,56
CAa95e6EfCE4f8d,28
b25CcaD6D76DDEc,42
fDfE1F7F3E9E5Ca,63
b2CF31fC03bC3d3,70
8521Af6ebD4ACF7,42
543da671ab782B9,63
d4Fd71569aC10E8,21
6611465655a9bFF,49
AD5e8Ec03C49B82,49
1af85542CF5e48E,35
01CE4deaAFeB31d,14
51e6e4AC4bB86C1,35
7A514c4c2eDF6EE,14
bCeF5dfc39c6D87,77
dac6A0C75F1DfCB,21
D3f56bfCAEBe928,70
F3Ab29f18C5D35A,28
4CfF6EC1cCc06F1,35
70939BA99387fC1,63
6aD6BF457672D59,70
fCCE49cB0BB4BEC,21
74Ef173C1CFa265,42
D2A367C3CCAAB0b,63
Fe2EDBCEC7c670E,28
4dDaFc8acC3Cea6,21
5c1d75Fa2bc63bE,7
Cca8FB872Db8Ba2,49
F3B8DB99E7dbcA8,70
0AD5Ad8BD97bAbB,35
7f4f9f35D02D50d,42
Af9b74B1CC9FFaf,35
CEeca8Fc84795FE,35
Dd34d752dB6D07f,70
8EcdDc64273E9dB,42
0A7aA2daD8e5A8a,42
cACF38E0f3eD7cd,70
eD794e7c441b2C5,21
385EEbb1B8DaeDa,14
6f28aB1a156a779,14
6ef6f4afFA9Ab86,14
8CeEB126e1cF4c8,35
C89baBd72d502BD,28
e3CFdf3aba3aDf4,70
6FA6adC7b2eAfc7,28
fae8c6CaAdeB489,28
d591a77FEB0dA35,14
c5002fA1eF39d3E,70
CBD6C9FC7C7F20d,70
913E34ADaF8Aa24,21
64a28EaabD4aCDa,21
CfDcE61cCc213d3,28
461FA5ebCFC3Dc5,28
EBAE5ebF19FCBe2,49
E1D7F057A33d114,14
E95efcc7081BE66,28
08DeaceCDE3f0BE,35
eEC4Cd0B5Ab0E7e,63
431B47f86fDb823,35
a6Cf25EE906Dd45,21
a78b6BaceFaFb85,70
7CabfFdef63D0Cb,28
e30CfB462BCBFB7,63
6f4554eABCAB6BA,70
252D8742F063F4d,21
dD734c7d1557d70,70
f0dbfA111dfdaAF,49
B5d0BDA1B35348b,56
dcDAbc7cCEFaFcF,63
7ed222bF2AB7E8a,70
9Db1b779e77Bb61,63
4c387Fb609b9ab2,35
c6Fedc2EDA207d4,28
BF64353e9bE678D,35
30E6DEC28f209b3,63
aDBE88daCa16bE8,21
126D7F1Bf2f7a8d,63
54F15f5Eccfe9A4,21
Dabd1B9beEB9048,63
bDDdaeBef0a501e,70
Eb7f32c3e0CD3C4,7
9fA7DD75B35BAFE,21
6267dfDAFdc9a6A,35
4F11EF068FFB5ae,28
8d8F65Abc07f485,70
1F2Eca3efb1952C,14
2e3b4EDF29bc9F7,35
CbfE0AAD766731c,14
8cDcCcD8b4e9E54,42
521dE711BAcF11a,21
BcAd64Aec686bAD,63
72317DE2C6C9bE3,35
0C2955fCE5DE92a,14
8A0a81BAebF30b8,14
3BC5eAFBDA91a7C,21
E5d7AFE8eBb50D7,14
0bF8e51a8bBD1ec,14
6c1F6AF84747BA7,35
f30bbbCad680CEf,77
Fb8d94DfC8c3cb7,63
0C424617D3397ba,42
AE692a3eA0b0403,35
d8FCF901f1ECddc,35
f1b5Af6ad4CC7DA,63
E7846f46b948e7f,28
5BD4ADebddb60Bf,28
b0b04dB3584eaaf,70
f6E442821cc63C1,35
a6afFfD2116A88A,21
C0Bb6eDaa59B4E4,7
f97E8cfDAEB6270,70
c7b74f3253A8Fa0,21
6FccAf74BBCcFAf,21
d37F0dE1e681efF,42
8e42F73b8E4842f,35
F338CeDA70662cE,21
846ECc3917D06AE,42
790452bd10Fe9a7,42
Dc0cBe355f2AfAC,35
B0EA8F1E159fbD4,42
1DC63cA6a536EeD,56
56fb2bE7c21ccbE,35
EFaf5A82fEC0b7F,21
2F2C568EbEaf429,70
E0bf875d12DC48b,63
53aBb3996A6AD4C,21
F61AC5CADB2A625,70
6dc0cbcfeB5518A,35
c4B8cAF789cC9ba,49
Ca860CDbd3E0eB8,70
487e9DcF310a98f,28
f41DAaAe8Aadf0e,70
B0C68F60EDEaF06,28
dAC2F91cC10e1dE,35
dEAb036bdE49305,49
2A529C9e0aBBC8D,63
FfeB4DCFf648Fd4,35
6AFB09d0A3f8Fa7,14
4bF6BbF1A7cBBDF,35
17d1aFEDEe0e9d2,28
dE2E8CB453152fC,35
8d7DFCaAdE4408C,28
f06C9EAbef2fbEa,14
cc8e1b8D752a2bE,35
bAd457B414bDDff,14
EE19620cC7BB8E9,28
0cDad7d6CE27BDE,70
ab0D7e2e3A6e0Eb,14
eFE46035218bde4,70
c3bFDf20FBFeCa7,35
f75dBda9aFB0C2d,63
4B56eBA4E189428,14
81387bFE3EfbF37,42
18c8C8F82253Fc8,35
4BAFBFA58A5A26d,42
01D9Db6fC7e3cFA,21
8CBEE74dD5c4D7e,21
7C916f7732355ad,35
Db2E555F2e0dA67,70
60B6c5e97D0fF4E,42
5F0cEAB4CeAbdDE,28
dF77fdAE9F55Dc8,14
0A9D70AeD3F5ADc,35
d822aee8B56Ff0E,35
5fcEeCE7CEcaf4b,28
8f5169fb4d78e91,63
FAA11bBEcCfA710,42
Bf5c3EF6B8aEf52,42
Cd16F6E5305CF9e,21
6DB76f2EC6793ae,70
07fFdB75AB3BA11,63
B6AC73F9f48A9Db,63
E81345a8b8f6FDA,21
C3C8AdDaEc51FEb,42
ee5cEADfdBdae2C,49
64AE711BE5B8A1a,49
e551702602AE1C9,35
Ee7Bcb36a1bdaBd,42
B4DACF1E4591b9A,35
aE93beEC2513F87,28
5Ca53eAcb78fBf0,70
bBbef704a20af0C,14
ac8179DfaDDC377,14
91DaE5bAa90dB30,63
dEB8d9604A5F0B6,35
0F0A08ab973902C,28
8DEEbab9dC348f0,35
3d7503342dBDaF6,14
d2d80FC97c42B1E,21
abc7ECa0EE0BeBf,35
B2f93BcbD4FFd42,42
97eAc20f1E1EA01,42
3cFAdd1dA26aDb6,42
B3E6375e9AEe1dc,35
ADbcd6AD2D7E436,28
cAE9cd4AC9DBbea,28
15Bd7792CF0bEFB,21
81cccd67136Ac73,35
D8E0BFb4B685eC9,28
92abCc841Edf31E,14
B7afe9EdE1CABB4,63
57ebB22C015ab6C,14
43D9Ae4c2aD7843,70
6cAa9c577098E3e,14
cDB399D7404F94C,63
cBC3effdfd325d4,42
43A3Cb120963cfB,35
CAbF6aDec86ECf4,14
6AAe6F7bdF6F5fB,14
Ef77a1b45DBA5bD,63
3D1f08ccdbe641f,63
57aAe5eeDbabeda,70
eDaDe50CaED5ec7,35
B0CA9bA373d8F12,70
8e236fD1d3C49a3,28
FA76Fd758Ab0B57,14
6d6ee8a3B6edCF6,14
1cF4bB0d2eC5cAF,42
eD613673749CCc9,21
e9331700C9Dc3FA,21
bdD17C35bf5c3F1,70
Df7fb5623d66Afd,35
3CD3aCffBdDF51e,35
DED2cBB8Cb1E1F9,14
0c218Ec5c80eBC2,42
17C27B9fa39932C,21
AD1f1c7e0F20db1,63
A3cf45B3295eC29,42
72D94bec6435137,14
AC950e3fb9Be4Cd,35
4F7942BDC8a8530,70
dE84aB98FFFd9CE,63
E7AcBC1e27E01AE,14
2A5CADC2e228f38,63
FCb2a6aDfbD39BA,14
Dd6eed5AAbAdebC,56
8cbc6aA2d5b7e5E,42
D9fac7b4aEeD9cF,14
E8819D8e206DF59,28
5e0CaC4AFBbBaFc,35
caDEba5aDAabc5c,63
cF1f583CcB6A7dC,42
5aCF7d6F2531aAA,42
02DF0c2FAd5Ac8b,14
D9523bbB0E5adbD,21
7E03b3cDEd037D3,70
3EbFaB6dcB5D590,35
83E55CDb30aE3B5,70
7B3b173a35ad0cd,42
0aEfDBeE1DE92aF,70
4635aADc656Dd18,21
cA3EdeBdD465EE4,21
Bb0c7b8e50B7B23,63
fC789ac937f276B,63
b4eFBa37AA15BED,63
c10AA8491feeFA5,70
5E9c5bdbaD6b60B,49
6f8317e1c894eB7,42
B13aCfe00d54c8c,28
727fa8B5a6dc668,70
4e2aecfc064C4ed,14
faBaF482dae5d0c,42
ab47422BaEF190f,14
4BEE157aEBeD66B,28
C6Cd9fDc5f0Ac9a,42
AB43f6fAf205dfe,70
fb1300C13128C1d,28
ae7A2DAf2DbE84c,63
da1DDF62B8BbF10,14
27dc59eA9ddc149,21
2adf0A5cE8EF931,35
08e15Cf9ad793cB,42
e3D1B26BB2B07Cf,49
De0A791beCcDaab,21
cD4dBBb00baaE4b,14
FEdec2Cd8158219,35
B165d7a51Aa8EEA,42
08F08E5BEE9EfCC,35
D16aC6a3CD26BeE,21
2137ffBcE8c6F9f,63
9AE2676cDaF03Ef,42
9ED9413EBa2DA92,49
efbCB663Cde63E0,14
5DA9756d6bDc9b1,21
002CE280aA9E4Ab,21
0D4b8EDA696F1D0,63
cFD4Abc39B4DB1c,42
a2CD91Df0A5B926,28
Ce2ea501f6C8d4A,63
c700f39acEc5026,28
829fe562Cdf5dfa,42
C1AcfeD08af9eed,21
0ffCAce0BAeeB2D,56
CE2Db5eA12c8Ad1,14
16eFA8DbBE0c69A,35
c51F6fb7F0DC30a,14
b7ab2aDaabf673e,28
A0f7e089548e18a,42
c0DbB210a80CEE8,42
0Ec9326c2ECc5Be,35
dAE5d3b5b23C9Ec,21
0bcDEfAaE7b322B,42
B411fE9f3Be8EC0,42
Cdd85bbFA4E8FB2,42
d9D7840B7734c6D,35
6F97B5C5Bd5D1A4,21
2cCbA9aBe134E0E,63
9DBFBe2cbfd0abA,35
B7562BefbD7571A,42
33A99E7f8DaBCcF,14
eE69DdBF116CA85,35
eaa9BD1C5bBEeBd,42
C2Cc1b55C466401,35
58A56fE8C49A89f,63
eEc7E6b79F14753,42
f1BEd975d048EB3,70
F1B42bA9562dDcB,63
4Dd5FeB56164EC4,14
3dB8f2A3eB9902b,63
27dB6FAB6288f9A,28
ace71Ee5bACd6c4,42
b69eE8F8B6FC7B9,14
75BbeA8C484Fae7,35
aD1A5dc3ca1c3Be,14
cA9FC1ABde4cAe1,28
3Bf0efa2a1D4D2C,35
f368aDE1Ee9f93a,63
2ACfbF91ff3C5d3,42
848A6B5aFdE8Ef1,14
FadBDCe4DC51FD5,28
A2e41Ce8ccb3ec6,35
A6864B82D54C33A,70
De39eeE019473D3,70
F03ec188621a1Df,70
8Abc1DD6DFDeB40,7
bfaeAAc7f4aBeAe,42
BA3326bA69531DC,28
FaaDC6CacD4Fbfd,14
eCb9BcfdB0f81C1,35
94eEaFda79576f6,42
4DC88861DE170E5,42
F2c5A34fc044E6E,21
bd7dd48599eB9e3,28
fddC4a0A6d16e67,21
bf4abb3e3b3b09D,35
5c3094b8C2A8b44,70
1E6D9D5cDde85e1,35
03Cf8cAcFcBCe22,14
e8E75EabCf1aB95,56
bDaa2EBFF88e117,14
731475D4Dd7E99F,42
fc95CDa3e53f1aB,63
1AC7dA00caee5c9,21
E0DF0dD3DA9EbD5,70
9aFbbe1aac4EDA0,49
D1C9e75ec1053cA,70
6856C8276FeBaFd,63
87515e0BBAfBcdE,35
FACeBfD69B09e06,63
b79eAAab049abd9,42
BF49aA2EDdBC12f,28
Af71DaCD89d4d7E,21
0C49Cf22b2cfb28,21
cbc81eDe79DA7A6,21
C96D3a0EAaB3eE0,35
149AdcAd32a8AE8,63
CEeD4Cb1feBcDd0,14
cc3c947Af3FB7Fc,7
5d7b8FDeBcBD8c7,14
dF6a6a4aFA204E2,35
F2Eec07Fbc6b655,35
DaB3F7380E4D27D,21
4e8d4E6aE9C12e4,42
1b4c0BbDD1BcDBC,70
Ea51917eb9Efd53,63
aEAF705e98aeF1f,49
5DcC6A762eFcAaB,35
552cCfC37daFbd6,63
3Da80Aa6Ee60fE0,28
Aff9f485b25E1f5,70
55538ac028887eB,14
1afabBFC985A599,42
7eBDD7bed4c8fAd,14
1b293d3dafea2Ec,28
8BFDC1197aF186a,14
eBeF444FD1EbddD,28
f4893b8f47B2407,63
96a0acffdbB4bA9,14
eAEa10Daec688eb,35
7e727fc6eA4dcCD,63
c5238fe282D8EdE,35
4aCe37DdC35CF2b,49
Ad67De307dcF92D,49
868dAde2beA7C9c,28
2f9e9Aa70EC0dFF,63
efDBEFC2F6DDeBc,63
C3cF98a59BbfD99,28
16BE1e44DBfb7e1,21
C4FDDE8aF2bb162,28
a98DFC20dB2ADAd,35
a99E6FFcFAC0f96,21
Acd262448C40EF1,21
E216803DC19c2B9,35
09110c5906f415E,70
fFF722Ba18577fF,21
80dBbEaaeF3dc36,35
7745CA3B0bE5A60,35
4e3DDE16fdE113b,70
c5F140316405Dc9,28
fdCE19f12B50fe0,35
5622c4c35ef1C8D,14
55EFDc6e9dE3D88,35
f80Df37aEAaaFCb,28
94ADF15D9fa9f14,70
E3E7999da52e29F,70
Ca617eeA242EC18,35
cEf11388a6DAff4,28
6e7C4e7Cf9A0CF0,42
23aA6BC3E34AD06,63
65C0dEF4CE9EC2B,42
A293f9300Cf1Be5,21
5E8B5e55afAA7e0,21
0f92CdCb4744ab6,35
c2FBCEF34aDbC40,14
5E600Be0aFeafFb,14
A6bAbaAD1EAB432,42
ed6Ee45Fd7ec2Fd,21
57A1B7d611f0d3e,42
D9ff1909a495aEE,56
312F7cc2fCd6c6A,35
bd45Dc5a63DeEAE,63
dCe0EE4A7BEEB4B,21
42F4E43E70C51BA,70
0FEC85dee4688a7,63
54Df7851b1f0b9A,35
e40dc7268CDE3AC,42
b2e55D2157543C6,35
E9D3fe59fFEdCdd,28
61a7B3DBD4843cC,35
19EebAc7Bb73643,35
052da708D3c0d0C,70
2DB1fFbcc177e48,21
2d6cc620a2ce6E1,14
3Bb4Ed995ec1fBd,56
aECfbd8D1FdFdA7,35
A985E1C8ACbd5ef,35
aaF7a1815fa82d3,21
B187C65Df4103a8,28
Eb5dF382DcCC819,35
bB6f0C3B5C4D94b,28
12953E01aa2A10e,70
CdEe0FfBa52661a,42
afDFEAa1d266eEF,28
2df7b3f53E0B55e,21
3AabDd08dFa19f5,28
f1534f90a7D20DF,28
0CE0dFfB817DB3F,14
bb8FE12BeA2ef3A,42
fCF65Ef572F8F53,21
f7bDf883b73bD28,21
00B68E09ACa07C2,35
fA48ADBbAa602C9,21
5edBb9710CBEaBE,35
F05A7CC71c843Bf,28
F7e62F98fcedD0C,21
A9CFFff5Ea98B2C,42
fD4B3ea115ccbf6,42
F4BeCFcc651e4F4,63
6eb3E9F5Df159e0,70
7F3A8ff2e66c3cC,14
2386cCA9Fb089Ce,42
ffADCB7b70D552D,63
AF93c224d1B0B1F,14
475C0E86625ACBc,35
668c4Ac7DCB0B0B,35
9ef5547c7acAB52,42
FefEea836eaea7e,63
90B1fF460a862F6,70
9b1a6cC7be47E59,63
5e864594CF35D4f,14
Ca2169A25dE6E7B,35
Cb534903DfbBF4a,14
2bB9C706526f7C7,42
d11F8b95DdCF69A,21
AF0Fc7Fb53DfaaF,77
2016bfB7D0feA72,70
476B0F88A35eac0,35
7EAEd6Bd4e05f6b,63
456da18F04Fa6b4,35
ab0DB81AC3f394b,28
8eA62FeB3803296,14
4cF9bAFD9f05Ea3,35
D282BcdBED30C3D,42
01a483bE57FDc44,14
8fdb69EE67cf88c,42
FcB8F4d5AFD1B8d,42
B240E8dE8b9E1c8,42
da9FeCAC12CDeAD,21
8D5f154E3AA0Bbd,21
A4f2464f3A00c41,63
e7FAA10edA5c8cA,14
24E4cEf21d6D52c,21
BCC1Cd6Accf42da,14
3C51dCbFF84FA3e,35
4df868356325895,42
1ad7ECbf7Fc41fE,28
Ad8B37f0B8ec89E,21
3EFE4beBBEfCaE1,28
5Fc4F4576BD2CEa,49
54CBc61b8303d25,42
456FA9F16d3Abbc,14
1EccFFbBFBB98AF,63
dbADf9aDcD4eaea,42
1D8c5ECDc9bfedA,35
f9CaeDd9CCE2Ea9,42
eBbB909F5AB7461,42
4Bd7d7c353445ee,21
7E5dfC882db0Ff9,63
D8a05be6419Da8D,42
Cb14bADaee2836A,14
f8cA911d17cd5DF,42
DF5088f29DC3D08,35
7B8f76F335e1d98,70
a6FFBAaC54dcb2B,63
C874e165ee078bC,70
ED18eF3Ed5b74d7,35
9cCdc12ff864AFc,63
B913E281dCc7DBF,42
F4DEeFaA8Cd55D4,21
9B27DEedC50830f,42
e6Da86820C01e2F,35
b9eCC9e14fFbeD9,35
D02DcdA02dF6BB8,42
c2693D392DFB93D,42
ccc3fdf23B8930D,42
FD9cfA1Bd0cd815,42
A0995B9e6DCB00F,63
C9BFc8057B7998f,42
d8E84fFdA1E0BE3,42
00aa3BbA5E06baf,63
272dDEf319AFD02,49
e5234f406eA0479,35
EE7B0EDc0e832DC,63
C381B92BB2A7fc4,70
18873c5BEAb2072,35
ABB9becabC67E1C,70
B4ac8535d700b4F,70
A8BFE9ff5bb03fF,14
fEAa4CC5eEdD123,63
faB2ef1D7c970f4,28
b19325BC9af2C2a,42
8d97fcdCB5d72CA,28
bC9bddd4830a95d,35
c8E5DA65eF90eF8,63
DbA140E50F448dD,56
Ac68eBDd73Fcf63,21
caFE7ed69E50eB2,21
F944eAF42f48A42,42
3c5FeA4afBdfB61,35
db2deDdad5aDA72,28
BBDEf355DdAFeC6,35
843AE3FE5EC2CbA,42
8fb41c7d92d2edF,42
9342C1d5ABEf296,28
ABDE5e92E329676,28
a9b0DBbd7DcB4f7,42
4AdfA8feEdCB9ac,42
fcCf4B1ecff1B06,35
Bd56c48A6D9fF21,35
62a9eAC8669832C,35
FFD249EFf49b77B,21
1cAFD269E6e71e6,70
Eb4DcB59C7eD9B1,28
5B8FCb73c62eB17,21
a6F8218e517d10A,14
b6bf1EabEFBDfA6,63
06FC8872DcEB416,7
aafC6CFc07e9b27,28
3c976979593366f,35
90c77065A892537,35
1BB6d7EaA449BA5,28
BF73d6da9252a92,14
BCe3FdE90cf7Efe,70
e429D794a4886bb,28
a8398FFA5F91ABe,14
26fEA7f9aaFE5F1,14
7C8B9db956dbE7a,63
AEb0D4Eeb2Deb31,70
177AB1e319d40d7,70
dBf73D006E0B54D,49
bB3886CE2dE6aAd,35
AC9ac5A9d7Ad72c,35
2Defcee98904e4E,63
C7b93a4b36e072b,35
deeeE3A4F07Ae3B,21
f2aB92CBf20BdFa,63
49aBCFC9ef8c5ee,63
EAfEE59Ca9B90ba,63
EBD1f4cda19Cec0,49
EBf2acC833cdBd6,14
AFfa35d5EAdABd0,35
1dCB1fEAc43F8D0,14
FfAe93a4b4BF34d,35
3Ee3022b6c8CE9d,42
fd7eFE5caAb0a1A,70
9D2Afe9FFFd306f,14
Fd0feC35BfBDfeC,21
e4C6a4b7a52b11E,49
1dD11d4491b172d,14
f0fB84Cf4EAdF11,14
2eFD80eCEB0FC3E,14
8c4aA3C6b1b9a7C,21
6dac5C4cd9fCEA6,63
3F0E69fB26438E1,14
FD235ADcbADc5F5,42
7d6072DEFDCFF02,70
E4eFe4d0583be75,63
DDDCcc0aC4D752d,42
b75A9FD3ABbfA94,14
357e1050786AD8d,63
Ad2C486E386A7a9,35
93212a67AEd1d38,42
6CdeF9b458456cE,28
85BfAD2DBbde41d,70
63fcC3eD1D80EdF,49
BA292c9FD700EA8,63
8fDba5AEEF552a2,35
f1d89eD1c3d6f9f,14
aDDB5b0913138Bb,42
8c95eeF3D6ff9CC,28
BbfE0fb6e806dEb,21
5E6aFd482fb3d94,70
CBF224715bEaAaB,63
EA14DfC92ADDFcd,14
6BaAfb7be6764aA,28
c22eD4a0E645Eda,42
e7c0fC353dcdDC8,35
1c44E8003aEe26d,70
60D663CDbEf5C9d,70
bD7f6F72E5A275B,14
Dc8AB406bC7b19C,42
Ef70f8c09CCA4ea,35
cbcDDBBDd146aaF,35
eb7bd1c0F9cfcf8,14
87fDaDcC9E4E70B,21
aE7D3b47EF5a36C,21
fc08C64e1EcC523,35
a1f0D74C8efcF92,28
edAf60FcC0bFeBe,49
DCEBF2D14Bcf41F,28
B3Da7FDaAbf0F7a,49
a0FDfbF1d0747CF,14
1fE6C4FaaF5A46c,28
66E8A8bF5EC973d,42
1d6d2F4c134e2b4,21
1C4f5ebaDabEDd4,63
594ABd577acfeE9,63
cdf1b3760a09E01,42
4Ba47B4EdccbE15,21
7e6e02B37E1aC8d,42
e4d25224C3C4eF4,35
1062E1E13f9A0c7,35
34eE7a48aC18bD9,70
c24c9fa9b84CF8D,70
92EBe5ADfa9C690,35
383DEE7eaA6EA75,14
Ea9Fbb0ae33aa8A,42
5b4B7BcC03aceAd,35
b2E870520Bc3b4d,35
309d96eea480f4a,21
DE6F3CE3BfDB4EC,70
0fb2D2cA20AaC8c,42
CFD20ebA7f83d29,14
6b0c21fdF8F8B25,42
2B5e15A8aA93c11,14
Cd2A8Ae5A9fDaB2,14
92b01Aa2B1ebfa6,21
a370ff607aEF1Db,21
3E5cdd94fF23Eeb,70
3fDB741958f03Ba,35
83ffac6534dab08,28
d36AbcEeD3a09bC,42
5C0cc1b2D4Dcdf9,28
6c12C8Edd956831,14
bBc8D500d0F5ec5,35
BbfFEEc3c005332,42
F4d4DC2dba8cf9a,42
45cd65980a4Ded1,42
ddF2dB539E6eDFd,49
E70A59998A8C4df,21
887702623b9D01c,42
9dacA5C6F8c03a1,49
BF150203Cdadf32,35
688E2EeBA6cA882,63
fE15FFCb4b4BEBB,70
AE26fDbd7F8ceEC,14
E7127E61040CFDC,35
dC1dFf3B8d2a011,14
9B6dC9fe46a3Bf9,28
0098ED83Cbd0eCb,49
99a5DeCAeCDcFBd,28
19a69C3A7AfBa14,28
Cb0437Aa1bCfBCd,14
1D8Edf0b0fe2CcD,21
cc6fac90e3809ca,35
7D12C7A8BcCCEE6,28
40Ebe8d1636f1A2,21
Dc0Cfa1cFf9c9a7,14
6cc2A2Fab623DFf,63
f47ECE4C1f3DDff,70
67fed7b57ef02E6,35
F7Aa6bad90eD01A,14
cF24719CC517cAF,35
C0eB5AC5Fd925D8,35
E9Ba84d19dFba88,63
329Dd333FbCBAb5,28
Eec9A38c8Ba1C6a,14
15d7e50FD3cbE3e,63
feAF636aCa5d207,21
d44D2A9BacA3dfc,14
84e712a5959f3bb,21
8cB3eaa1B596530,70
C811FcEA91842Dd,70
116b253eeC2e526,28
91Cbf571559cd7a,21
22ae9F4F24feA9C,63
0c3B9d878DE2fEf,42
b1C4fbD9a6b5609,63
6a36fefa3fFfA7F,35
fc3e67a1CB90323,35
23889bAAAfbDd0f,21
CEed2C6d2974Faa,63
02506ae9403a9eC,56
eB3aFd1A701F6ab,42
FBD3A873BD7fF11,21
A92A9CDd9BBa1Bc,70
267085Ca9a5B5Aa,70
C252B41F70252D8,63
54C0c8DFd495149,28
E0Ba55CD70EaF73,35
1CF5a5b618Dd40A,70
E40d6F0Ab2D1CC4,42
FFe7FfDBCd3f77F,77
7bFAb0CAa8e2Caf,42
1f4EaeB2DC0B01C,42
E43B69E2ED566Bd,35
5cCd30BCfE1b40c,49
B82c760dfEA5aFF,70
f4927FB57fbbdaF,70
C494D815Dab668f,63
BB64de6D72D46Ff,49
4AeA89E3Db08B7b,42
f2E819C84851dd3,28
49407a8d879EEED,21
44bF345d2DaD96a,42
5ecB8EaFCaBecED,21
E0974CB51Bd7eA7,70
8ea06E90968Af4b,28
dff8a341E0fbfca,70
E8eA2287EfaC5fD,63
76Da4AA0cAD8C67,63
d55F65A24F21FDe,63
f5C664Cbcd71637,28
9e5Ca427bc1746e,14
81d42B2F0f033f8,35
0b00aA8E7d02efd,42
6e8b2d24E0C4785,63
9334b2ea50cCC69,35
daFef5374cF3aed,14
9beFcf4f4Ce8B1a,70
A4eAaeCB2BDb5ba,70
54C20DCBCF5dEEA,35
bace71EDf60449A,63
ED8b2445Dd4de1A,35
20bD885FD6bAbC9,63
Be95DDDEFeEEA11,63
dfEFDB2a9f392bF,56
9901C59Add7f0ec,35
42a96BDad6FaD21,63
E98FC6beB6Dc697,28
04A6CB2baCF5a32,21
4F1bbb744AE2cDd,35
DA2a521Cf634a47,28
E1145e27b56c7c5,21
b28AD142B56Ed31,21
E7e00effD704D5D,21
89D6f1aa2e322E5,21
a04edb7A23B8a75,42
B6CF8DEd9A7A8ce,21
F6B75E023bDca4E,63
2cBcD49AfddB0D1,21
Bac2A4FD618BED3,28
BBCE4c3888afd1f,28
eEAD40DCCFF3c67,49
cfFC25c1D2E76FD,21
53ff437845faAa4,28
BD7Cd2FbbB1af93,35
a3dA28b36e11460,70
85fAaaaDE2F0a37,70
FBB9dC48B19020f,70
F1E8D6A2C8FeeDb,28
F9C188aEdd6d37c,42
fE3Be3958BDbCca,70
08Cf27CC83dE0eC,42
b9D2224E572e8Cc,70
85AbdaC6bbeF675,42
9083fbA49aAecCc,21
Be313e53ffD4b83,63
c7C96c37BE0be35,70
C2ac7fFBE3b7d38,42
3abd781D2D9A2Ec,14
F41FFA53f6f70E0,14
4f99Ce387FF2bee,63
6BF34AA5b5A43e8,21
0D129fE0aFb5CC7,14
ff1e81299CA6D51,28
56B7E97a53AAf4d,28
Cc39b35a682CabC,49
eC3dB33809Db5bC,42
FCCB47cea4bECE8,21
689b67d1d0223B1,70
5AA74dBe0B52FBd,14
A9AB6363E2FE2bE,63
90E6C2DCB8afBD9,42
D2a5790F63DD453,42
8Cbe7beebFB74Bb,70
eB28fdfcba4e635,63
9A8065dcB89d30D,28
01cbF26E7DeC1d4,35
5d87a53EAccA8ea,49
3FA55abBBB6668D,42
24C1bb71fF1F59a,28
F7Ca7bDa838Bef4,42
A45c71DdB4f84a0,63
545e1546e9EaCfA,28
863A70983fcAFdc,35
aCd4AC0c7af0822,21
ADbe67DeD09bE1d,21
f0f26E6D594b3ce,77
49f7ED4F4BAdfaA,28
Cf2cCdd13BBC0cC,42
524B33C66F551b4,28
DFE405FCF0a3551,42
daCcBA718bDCf89,70
9BaCBC1223BDFac,28
Efc50B49c4a9eB8,21
1Bfdf8bd08226fB,70
01cFb30895Efb4b,63
8FF83230fCfFBBa,14
37509FfBfaA2aaa,56
e944bEDF523C20C,49
C91e7edAC6bc2db,35
D00bc5c4fedE1AC,35
E61032a9e38e261,21
cab8df5A1e7fCcb,63
B9BDF527b5BfF25,49
E4Cb1190F65c3D7,63
af7ab11B4dD1565,14
CADd47BEe42eFfa,28
dDC4DfC226010C0,14
C9FFeeDCf23AFEE,14
D3bEd986af624Ef,28
52e2fbBb86ee2D1,28
aBc1c9baEEdEE3B,28
a005f1011Aa0F5C,63
c99Ad5fE3eF860D,35
CeA3eFd6dDCF6FD,70
51E6EDEa1B2EF87,28
93E7E2EDC27E4aC,21
822dC2c7bEb98DB,70
de3DaE2944ae07c,42
cF89fB7e157A14d,28
97bD4Ac58bb1DFa,14
DbbeDbb1e1ceca0,35
dEeF60BE7aBc5C3,42
c5AdB1A73AF9a9A,21
7cB90eeDb6E0Ecd,35
4E6c60FeD12e8fc,35
cD3F46620dDFEB9,49
3F33d0d060ba9Ad,28
014aed16b333a87,49
bF0f868D20Ca964,42
1586D9fE6221c6D,70
b8F2e167C62EedD,14
Add2B9c48589d3A,70
71A97FddAba4CFC,42
B0059F654daAD39,21
ccbbd1F573b5CF0,35
Fa4faf774aa1a1e,14
F6bDAA8F7C2B10B,42
F936Fd8246410E8,14
e9F94aeCb9Cce97,49
c358150F6a0a0C6,42
D2Bb390AeEAbfd4,70
EB6735112C9cDAb,21
3FBA89DbF7e0468,49
A2E12E0a8fE313A,70
ff939aDCf43C2bb,28
9216a1CCd96De38,63
460d21cC893D39b,35
Da4463d0cf0b317,42
ad29FBaCa1ef263,14
3A3E802ac3c0A4e,49
89dAfFed7AD33BD,35
027ebEf6Ae7B0af,14
ef6c4Fd6ef4ADEa,56
3FdCDBae4a46827,28
506D0B2A49BbbA9,28
CDe0f22dafA5d40,21
81cfb3aBB0A9ff8,28
091BCB57A89919C,28
128108A9d1c76C3,35
826f019725158bC,42
2Cb385a822db8FA,63
dF152a6A4EebF38,42
70BD4B04D5b35fe,35
Ea6eBb368e3eBDC,35
FBdE071e3a26Ccb,63
B937f64D494e6d4,70
BAB3Ac12C2eBa3a,35
4A86b3e472b2b61,21
908C587a38f5a3d,28
4E94fb31A1DBea0,42
3949D894C0d6E9f,21
4F8FC1C2bf08A1d,49
4FaDd3D21De3713,42
7CDcd7ec189ECAd,28
aCc07f47742ca2f,14
AE506A8a3AC8daE,35
9EEA803bb480C40,63
b9e5C5Efab1c7a2,42
C907CDde2c6c60e,70
dF424aE54F21bA3,14
0FD4f5fBAc332A4,42
D25dfFfD51f9b35,42
e5614eaDFcEd981,63
8DDD9C5ce06fDe5,35
9e7d2BBd2ab8fB8,63
Ff7BeCeE1ef8eF7,70
Bc3baC2A8A4A02A,42
E763A2a172012FA,21
41AE090fF0edd3F,49
A64A2eb102866e8,42
21D726076Ce4b4e,70
7CBE2E5ed638717,35
b6cd1c2BcAEF9F5,42
52Db5D6fBeA6AAB,42
2EDE80A545C28f6,42
aE95aD7ACCdcaB2,35
a5581C8A9ba29eB,42
Fdc8eABE0C7C4EF,49
dAbbA3bBA165DcA,21
Ef0a66EF4D28E6c,70
E7Fb53dFfFFf6BC,14
f00DDC3d4ee1ffd,28
16D8AeBeEC71de0,35
3A9A356b3C4efce,28
fAFB02FB6BE8BFD,42
169eCE6cf48bB53,35
Bf5eF75D13bcbfE,35
F5aC7EaFD6eE637,49
b48916f6F5ad4D9,28
9BaAC5B3e6fB7ab,28
Ec41AEEC832C93D,42
40fC90136d6da9b,70
Cc86FE782B3ee92,21
B062f9E24C8d4d0,21
aeEBAe8C7ca76A5,77
47fa10c4cdAdC59,63
1731d545E9ad67D,35
887FfeEf7Fd42F0,56
1fCb4bf046eA5ee,70
154c2A9CF2CaA6D,63
8bEA0Ec7Fc7CDca,28
D3B8b0e37c5AD9b,21
C2F7Da88Ad5F1D7,42
a7d77BDcb857A3E,63
70c78A51A40F15C,35
eaDC60Eea4A90cc,63
1eAeda784fFbbEF,63
a8dAAD9aB4410bD,42
dB9b5634cE9b5A6,28
936C5C4504B3E9A,42
4bA04aBfadF5ACc,21
847EF7AaCa9aCfA,63
67C0DC3aDeb9846,42
ca73744BEcFF3CD,42
Cec39869B681ffB,35
d8F78221A2D9dAE,63
dC345bAe1AcF108,63
BD0ef4FEdfFed9a,49
0cbEb23E207Ada1,28
e150CA75Cc43ea7,63
B2d4aB0638cE55b,42
b04620Fa7925A17,35
eb6C3EfF39fFC8F,42
A1F8CEEeEc4d9fF,28
1feDA9dD2C76EAD,14
9B60F2E5e7dA4E1,70
dfCEFDAeaDDFD8C,21
D4BCc4Eb5e019DF,42
b63E62cc8a37daD,35
ea9d34d09342e20,42
A48c7EF9b1e5dfb,42
9c9BDDeb137fF52,14
86DF7aAd85dEFfd,63
a25AEcdEbDf4D29,14
25F4f75DaBc1da4,35
4a34Db57EbCDcB4,42
10Dc1F26AF5E0c1,63
A39c6bcAcd056C1,35
653F29F41DcbE4B,21
9eD1f04D35bB1ef,42
890Ee43b6ACE104,14
Ee635EEf49aF7aA,21
cDD9c18A1fFb097,42
Bc87Fcf2f022b9E,70
4E8facbeFdc3f40,42
EDB29446A53d5bc,35
CfcbA0e9fc52aa9,28
eC5209c6C47e954,63
955ceF702D1A2E4,63
e524ebF22f44adB,35
AdbA0bdfada537D,35
Ab0EF6Cb8ecBA3F,14
D7F70BC5AFB65FE,35
05cf1Df9eECB3ed,63
05eaCA07fA9957B,21
1F94BBf70D99ba8,35
b7BEabF5f48f3BF,28
f11Fb87B41897D2,70
Da9E7c32BE4C0EA,63
C926C0d633bbD7D,42
b50d1A0C1Da5DBa,28
FcFf2B2dADd13Aa,14
ecF6fB64Ac59FbD,35
FB90FAce4fBD2dB,21
D3CfdBcBeDC8bd2,63
5B1bd65798f6F02,21
FD627d93BDd02Db,49
530aED4CdFA9ea9,21
D9bAffcC836b6ab,28
FA486308fEEc345,28
Fd978f98D416c4E,21
dFCFc6a13a5dC18,63
D2FdB1cA6Ec85aB,70
1BAcFc362CaA3a9,21
Ee2ca241aD20dAA,42
fFCeDE39E8b8cb0,42
dEB7AeA5DeeF5dA,21
aFC2F7fE66C88d9,28
020ADec3eCe205D,49
2bbEe7ecCb2BFDF,42
f5666E3d364FD6c,63
EcDAD29eccCe48F,42
0CDfD15A791c4f6,28
F11Df15B7F2F7ee,35
bC29F41b9EFAB22,35
0521c5D7bb26daF,14
fD8a36BDbFd2A5d,21
72665b9cF2202Eb,21
DB9F624dbb4c8ff,14
B2db1Bcff6dae82,14
eb9a46955a030C2,42
fDF25a35914ADCC,35
13c2Aa9CCeA6bEe,35
3f236dacC7104d5,35
Bca1705C93DC3b6,35
82F9baAF2FBdfdE,28
f6b9dd443294CaD,42
BDf8AFa0ACdd91c,28
3f73cEb5DBd18fF,21
fDaaD6d4a5A209b,56
0d8cB3A30D598b3,42
eDdeDd5d4aeF92c,21
1ef3B8A1A082210,70
E7D9A9b46efFcDB,63
e9495Fa400d03DD,70
fC4A6feCcff4d8f,70
292605AfbCa2bfD,42
a29B3F3BFFBDeEb,35
64591e02EEe9E62,35
30AFFC5a8eCDBEE,7
06D50e0dA72f15B,28
3D4d5cdD10Dc60D,35
1ac5BEFE450d72D,21
Bd16f19e3EF8Def,28
30C4Ad66a1f6ea4,49
d8abDeAe4DbcC1a,49
eF9cEADbcFB5Fba,63
DF708FA2cB35dEc,63
4a72d6d30BBab0F,35
c004d77c92B99a2,35
aEd182DCcd7b0a0,21
0fD4eCebe1F2E78,21
AAc6404F1dc611f,35
666EaE14E7bc567,28
A9Dde0EC6a5DAD6,28
6Dc3DA836CfcAbd,35
c7942caffD23b8D,21
1b932fDC16f2b5E,42
a8d78f6F4Eb4937,14
AC2Bf9A400f8D6C,14
Cd4cEcb0ac66A49,35
cb01c3837791A2a,42
1b697Fd5BDe3bCC,14
b7FDCFeFdEd9334,70
5aEBBa4630A7d9b,70
23E2AeAcddE2a3E,14
97DDc2F1FfB5122,21
AE1E78DAC13B07B,35
0A8be47E06D8bA3,42
2fDCD4bcf22ae87,42
6b9ad7bDDE70fE5,35
8d673fDF9Af3f2e,35
b5C5e5973cFfCDD,21
2BFe68E455ECD9A,56
e35853DeaBD4805,35
07BfecC1acc6B48,14
ec78aC9CE7edEa9,35
60D9E2F9e664C3b,21
1cf6d9afB7eB8ee,21
043b1A8E4B09b69,28
FDFaDa8EEbc5ee7,42
6baDCca8cDD49dC,21
fF1dCad80E92baF,63
085AE12Cf12bE07,14
8E1AecadcF7d801,35
E36B76C994Bc7EF,21
86dAd0ACe91395d,42
fDCbacAcDdadCbf,42
86a9b83b9dbB03C,35
A315535C59D05dd,42
Cbf8624a66f4c8E,49
D2E7Ab0c772a02a,35
B0DEAD0cf4121d1,14
B41887cDF8B1CA7,21
bCCD5c9C5EB1E0F,35
2B106FFEBd2Ac0F,42
222a4f8dE558C4e,49
B370A8e0F830893,42
e1cD0c7CbeF6C0C,42
4f00DfEFFD7cAE6,42
F1BdDbC47107AFc,28
71DC5e590e7eA5F,28
Ce6f95BED3bfDC2,21
4BCBA1737650Ecc,42
3d3fB4B640b395c,35
Dab0aF763214f4a,7
BfD0239c3DfAFA3,42
Cc8497ad5c84a4B,14
9bF9394556a09Ec,42
658EbC5ADDa7aef,28
5fB5Af94D5F4f0A,21
ee7Ae1fB15A27f6,42
Ccfd70F549Fe61F,14
F5B9A0BAFece59D,28
6E6d17d921FBa05,42
f7e1d6dBd0EDcdD,28
b133bBef7FFAb2E,63
F8a03c2C9B7c7e3,35
24ce59bCfcF9B8A,63
c98edffC12eF4BF,42
4bd07a7fD8c7eD6,70
e0DaFBFAC674bf5,21
c7AEdb7EEDd8a69,35
f2BDfeaCc219cE9,70
4cB9fEd77CA7af9,28
0f87f6e93277D75,63
fE3FFa3CfBdFD2A,42
0b324cdA554F00F,14
6d3c3Bb58f0c990,63
d6eEfFfFDe84BEa,28
fdbACa5aC3DBa92,42
9bf926365807B22,42
Df65ECF0c6C2Ef6,21
7E1ee04E35B30d5,77
6Aa18AeEFfCDfeC,35
AA889ffbCfe337d,49
065C5ABFdE0Ef39,21
B0a4Aee6bad6aeA,70
F8AA00fC194b5fd,35
AEeFa7F8BB9B050,14
307b7eDeA8f2ebC,21
48BaCDD999c5bCC,63
0230e2c8ffFa88A,63
ec5B8F8db8BdeCE,42
c452Cc441e3b06c,70
84Ca6ebD5b1bd2a,35
9D5b04df7DAA4C5,63
4b310e43eb672d2,21
f8a834adC1A1028,77
15b4143dAeeEcba,70
0A1E599fe47A6eD,35
8ddAb07Ffa0D341,63
fbcf3Bda38de7ec,42
1B93d877Cba8d19,14
b750DA94be9d34D,63
BAA8d2A1A13a3DC,42
5B0B7C6649aeDbD,21
85821cF8ca8fCfF,21
b6Ac749ff8dA8AB,35
Bd3f6659EA7a19b,35
F84A3EA9cBb7cDB,14
BDf3b05b0Cc434b,63
4fEbaFF6b790202,21
3DCE34Bb5F2fd0c,35
6eDBec3f87ED5FE,21
DBaA83afDd78385,28
ee0Fcc697FeccAa,35
C72DB2Ac5aD9DFf,21
972C8dFC2c083BD,28
e53D4bBf5009677,28
D6ebf60f49dEb4D,35
b2b08c22CDC6adc,14
8307E4497DBe7aD,21
324AC463cAAB1D9,28
dCCC6aDE8c59D76,42
FA9cd18fd1F8Bb1,63
7aC80f8F60D993d,63
9469a2Dcb04D0fF,35
169775fa6447D1d,63
ef54Efd4Ffc0500,42
d0Fe0ed82340d36,63
Db748cac24FcFDA,14
BbDb03eF43AD5EE,42
BAc304cFEeC2582,21
2d1A61d0ebE7B99,42
eEd3BBb93dF0924,35
45Cc8857EDD8fe1,14
bcBBB84aaDAC08d,70
fF1dCBb6935b264,35
9D8D32a6aD6b681,42
caB852A2bEe17bb,42
4EAd8BcE5bfaBae,42
35E860eAFC1aedC,63
F0aD9A6Eb5F04AE,21
FFAdD6EdAf2dF2f,63
3ef8B581cF5f29D,42
4155cdefdcDed82,42
aed6865bb8a33D7,35
7dFb31E88027C4D,21
984c9AfcACffb0E,42
64B97c0DA9539eC,35
649AEB1b6A2DdCD,42
4Bcc010aB9455AD,35
8Bde3c17c6AfF04,28
1AA9c5a0F450FEE,70
e192D7Dd51c9A9A,63
00D1bD3aeF9C1Ce,70
1Ad5fb713e4fAEC,21
D8fCD79DAA86EE5,49
C6F5cCeddb5bAd4,35
da9BE8Bc0dFf9Ee,14
709399a9E7b9ae0,70
dd2e1a0bCc3dBde,42
Ff6DC2cDEF31ac8,63
7bdA84eb5ddccF6,42
B08FFB409CaCAe5,35
B2cBCEaDfE5eC7b,28
EFE3A99E7846edC,28
39dAf964f7de2fb,28
Db4C51ad05d5ee9,35
A79876deBaA89Cf,42
9dC0b6fa61Aec56,14
9449ac7b0d0Feb4,49
814A76a1cd6CeA5,28
Ad789dF4761C678,70
DfC7c3eE1a5Eabc,35
822c5A2F1Fd9cEe,35
EA7f1A79cc59Efb,42
452C043080A0A24,42
88A5B9aC27222fe,42
9bac6dF9Baf14dB,63
aaF9303a7820286,35
88Ed39CAaedEbbD,63
b12a54f1EeCBfd6,35
33DeC4DF733B11B,42
Eab7eff2F1BB5F0,28
680F37Dd77aeB1c,49
aB2ec7AE0aDaFcd,42
9ab6f12AC6FCeD2,42
AdE38c81cf044a9,49
949DA7320EbC76f,14
ea91de3078E4a2c,70
4C6Dbd1BF6e9F7B,35
963f11FDECEaa66,14
Ff974ad8ab1D4aA,63
E4dD764fd4F55DC,63
E06Ade9F1227Fab,42
c1A45bfDaD65cE7,42
Db8b48F30bA2BA3,70
74E2628A65c6358,28
99E3EFDEC428ea3,63
0EdE0d319BcE98c,42
1b23D3eB212a71F,14
fD9CD6C7ffc8d7f,42
bb6b92fC1a5AbCD,7
e82d77d0B2Bcc60,49
9dFfEaD0CebDc64,14
b43ED938996EAFb,35
c36Af9A8756DCdf,35
E9CC5CCbcee7f09,28
8bE35deEdc7963e,70
9bd36BbaDDEfc01,28
1d28Abc5296DfAd,70
3BDAAf31CD1b1Fa,28
Ba0A2Bbdd440b17,14
4c8bdfaeF2E7923,14
b8aB55CBF68cfeA,63
08E4CB58D7db07f,42
Dcc9b215AC4fD99,35
676e3FbE8cd1f1b,14
522fBAfA1AC76dA,42
aCF9Ed0EbEdF1dD,35
aCAdb0eafB6F65d,35
72d7EEc94C2Bcdc,70
b31B3Ce05dd1e4f,7
DbaE4Eb2854Cd49,21
3aAd81F3FB301A6,70
D88677CEA0DeD4f,28
aDde4aeEe409Bf5,49
B30243C97999295,42
E7c0ba3Cd48a3cb,35
8Bd6e298a9EBdaA,14
6Bc2E6FF62F1bBE,63
6Bd3F336eCD0a5e,63
3dF0482ba2cD2db,28
5c0a520cfda4dC5,49
E0BbbFAac70b8ac,63
4FFA3e6bdbB4Ca9,21
a401464AD24f7ed,35
c44F6A39E6df15d,14
4Ff85EDeC8cBE6A,42
aFecbCaDdfdCFe7,42
F0De6Af44D1cda2,42
1DbA1dA2aABbCC3,70
F49F84bB67a23b9,42
a6C8856cEedCc43,63
C7CA03bD44fAFdc,35
dF90Ff3EBb2d4E8,28
dC40E99EAAAee59,28
665b9DBF7f80b7a,70
CBC68759a2F4d5e,63
c0af6Cc4C11e0Bf,42
39eEF2AE9c362e6,35
f93FebC4ec19Cf9,42
BaEBaDDE5fbd1E4,42
De6B4FFbac9ee4f,35
b6B0AbFeE93e86D,63
cfAF8fA7AE3Ca14,35
54270b667BB1F6e,70
b1f6a3ffECDEc0e,70
E118D0ec8845418,35
1bb7BDf7BB42505,63
65a96AE5Ca789Ba,63
F3BbffDB0Ca5CE0,21
9B674CE1ad4cB2f,63
AF3FfA0e7596A74,70
Ee725Eaa8dFC0D3,42
6Dd2C4C90d902C5,42
FFDf94aaFc7a4a9,35
325Ee2dE2123fd9,14
5a5D4ddf03dEb2e,49
5FbEFFcEF77E0bF,63
C442995e2211a93,63
FFDeED0B280CdBe,70
64A4D25aB7086eE,70
38EAfeef4ead83c,42
76eaCfD8BCf93eb,14
3aCBF12eC3AE90d,14
03D3b6FDcdF9c8b,14
C5Ae76E1e2EEd2c,70
1f87De8114cd04b,14
Eb7dCcDa0CC51fb,21
4e889fa8F7a386e,42
c8f2ab3db16Ffdd,42
9391Ea676Df4D01,35
DFa5b98cEdbDbea,42
da7fdeeF1B3552C,28
B6FeaADCEaA66B8,35
29480A042B8B9c0,14
aFecb3CcC7BE40e,63
Fd85C8BdD944c0C,14
d5f0Db4D3c4fDfb,21
1d44c3fA7B4D98e,49
cFaF1F783ecFCa7,14
dBCc5bb5d096a5F,35
96Cfd44F5BeEecb,28
D5fda527F015D82,63
a1905ae766Bc55A,28
a16F85f28Ec3B9C,70
7FB4C8877Cbd1ce,63
DD1ce0dCeB7f7Cd,14
eB66C631f3fdd26,63
fC983FacD7725ED,70
cb4acCeaD0EC5AD,42
EfdaDeB84D8Cc83,28
2E9FDFdd69262Af,35
6FF4956ef01B1d7,14
5CF8BDEEe91ba11,63
d2bB4D94BacFda7,42
BccDDdd92b190A1,42
6e8fA30B78A7a6D,63
9EEebA7ECe43af2,28
AdEff1Ba1cAb985,14
FE0d9C6846aaa6e,28
7C81D9b6BCcBB34,56
bF4Fd8760b119D1,42
DaFfb1baC9f5D79,35
9eEe9b8B6ba47C6,21
2a1abABcBC8E3bC,28
9aeFd9d249C4344,35
73efb56fdB0d96E,21
2f77c503adB5b8C,35
dFeFDfcec5f47Fe,35
aAcFd58Ae120F73,28
5cccb2Fce65d5Ca,21
5905Fd97c9bea6C,14
1f53D4386AEdbFe,35
547bcfe4400d223,63
5bFc98dca75FceF,49
8e9B738513d02fb,28
9a9A4F36bDdC87C,14
9Eff5Ab3e27674a,28
226aEA9b6337Fad,7
91956B5cA837A99,63
A9F7abaA0cdb0bE,63
4bdD76C9DD8CBd1,35
1122b1F777a9363,42
a0E1970c0Fe24d8,42
Db39aAfBb3DbA87,42
ABE1c58DdACBd7F,35
b79807aA60A2ED0,28
08F96DefCE37fFF,21
Fea62eE9ac303AC,21
6f1360CB8CAaf29,35
3dfbc6cFF6CAF89,42
5FaB31D4D8CcABA,21
8AB11ca1Ca2E26c,7
A71bfbCD69f6DDb,35
d5EeeaDCFaf78c2,49
49561c1aA0a1Eb7,35
bCebc5a75A474b4,28
D27ceDe2aC1F9De,63
51e92Cd3CaaE4Db,70
D65E7Ee99c5DA0f,42
A8F4Aac2C2db0ee,14
1CdA855b64a2fAC,63
DB4FaA19f80b3bc,70
DC623fE1fccC908,35
Cdefe389bDd83ef,42
21eF20CCc9F80bE,42
2Ec2CD98C085C5c,28
3e6a82ffeDCB560,28
e29bbBbAB5fB8bd,35
1D2A54775ba3Cf1,63
AE5094CBA3ECe1b,49
0fE0a8b6CAe7F81,14
B449F02918c9b24,35
7EDE79aCecA5FD8,28
9Ef25eCBAAFe28D,14
baA52F769fe001B,42
0EB6fdd9E8EdA7d,14
7ef4b0Dab095AD9,70
85fcAe7C9DcCfeA,14
7FaE3aebEfcBD6f,70
6bfF43b26F5fC9d,7
AeBbAd0C5b16E2D,35
E3f988F3b8fEe5C,35
55Da1A2A4b7AFFA,14
5C025d662BCa797,49
E4e40ADfB288E0A,42
0c602af142aB3DE,70
DBDE5aC962BEe92,28
Ea20Fff595290dd,42
9B3714A6f6Db8Da,42
06bAA62cee37dCa,42
A0e3d6cCBAFa39e,35
Ac10C442971EAEd,14
0e35eA2BF20D717,35
Cb90dC6bCc4F25E,63
bdCCaeF72d7D68f,14
aefAa5750C54B1f,63
32dBBFeC0d0bD82,42
4590E890cA1A6BC,35
aDAC6DB7eEd0Ef4,21
CFe500C969B178B,28
9d00596D7B5FdB8,70
f13D15ccb5e0CbB,21
5DAC851fad2a113,35
FE3cbaafDC3E5cE,42
3cC2Ea10a1CC9D9,28
03B39b5E2Fe545f,42
e69D838ae926876,42
0C157aEd40c1a06,21
504aedCcb6C50a0,42
BF9cdd27bbfDC54,21
5Dfe259E3af7AA4,56
DbDDadEb74EebAD,70
dd3b08C8F7eADFb,63
7b46E43fDbbAf8d,14
57CcACCCEbb9aa0,63
A7eBFfec599B7DB,49
f1aabeEd67233Af,49
1d3d9Ce78875BbC,49
2b58cA1fFaACFA6,42
8f8D16550Cc552f,35
FD08d2eC7BBCeCd,35
90e037BFBa85d0A,14
822Af7bE07B015f,42
3A8C3bbA81c445F,28
CC814280BdEcFc1,70
3Cdc0373Ea3dcfC,14
FFAdAEeF268eecc,70
7b9367dBebdaC4A,63
B9F329CFAB3FdBC,35
65ad390eCabd7bF,42
ec11cfe1C43AFEA,21
3d352FC0faBe2bf,35
B1890df6dd3Eb3d,77
CDFAd0b45ca1Ed9,70
792faA63bBF00dF,35
FE747A9bEFeBfd0,21
caC2DeC5385EaCE,70
EABFa581C6c6e5C,35
b72716Cecda2afB,70
EAE14Fcb2A1c3c2,70
D7e7c8245A9C636,49
4f1f45909B236b2,21
C1543baf8CAd1EA,28
1Dd0C2E06c1C69E,14
6ACc5f7fbBbFBDE,42
00BA90FEaBdAcEc,42
Ebb0489988d744e,35
aa071d8CCabaEe6,21
E948BfDF548F2eA,21
EE81E9bDAfBDD6E,70
15F82Ef06BCFF78,35
CbDd445fd3eB65A,28
d36d34f301f4366,42
bC089ec22E37eCF,63
F19DA4Eb56134df,35
3431eA7Fb53e107,77
C943D15ED55BE22,70
05090e1367BD1Ff,35
Cb06B8F1dF2D28b,35
365fcfc877fAf42,42
3722CbFCd5aBBdE,28
A5dc9F34B53b1ba,70
9bd9c120ba2Ee2D,35
7F5ed1c9A3453B8,70
ff96AF8d4FbFf3A,28
b6eA0d3ED9ae3a9,63
AFeCecCCB10EfcC,63
fbaFbC8FbDB07dB,63
05959d9eCdB205F,49
2B2dfA4040fEa12,28
0ce860895BBBD1A,42
D146505FbeEfaA5,56
e3c25faD7BBCB4f,63
aaD682df33f02cA,14
7d5AaE8d59ebaCc,42
AB7C886Eb11e696,21
d60fce1B83f5c77,28
341AFDcA9871095,21
AA6A919b17fD1B6,42
f23684216Dfe6A1,70
3C55C7997E6f349,28
EfacAAD98a3eeF5,63
dfCa44F286D573C,35
CF1e82Ab0A04B57,49
920E9ADCe1341Ae,49
479b0f1ea627b6F,28
e65972AB1f94480,21
EfDECE0866f3bCb,42
BF889fe6d01EBb0,70
eB1c7cbbda790aa,28
Ecdfc70d79C34f5,28
3CC64edbDcd1304,42
b67bCBbc8ce6299,28
2272d9d01aE1e7b,70
F99C96F5FeDad0d,70
a9087E837eaADf1,21
6DBaFfbe8eAA5d9,14
a493E2b5Ba54A2A,14
0bFead2fe93cD80,21
a150EC810deE71B,35
A7b7E839ecefa73,21
bdF6ACb6eAACb2e,21
178dDede1b7D1bd,28
0D10aE257997DDB,63
47f90208a7eee71,28
9feAa6c6103E8A1,42
dcFFfcf1d694cF8,42
87713Bed8158f17,35
F30EBDD34D47C9F,42
B3a633d12d3e11E,14
59804ee48c26b2D,35
6A1De6B8aC76aFA,28
ACAc6a176C1c8AF,21
B4A1CAa269f8698,70
2Ff5E8FFFed81dc,21
e3Cf3b14E07Ee56,70
418Ec62FAd0FAe3,70
Fb383d9ff00f269,35
472A4FaB104ADeD,21
bB4339Dfc4d74ED,70
d1C0DBFf2Fb9179,70
0B0B71E5E0DABcE,35
EbefA0DE7cdb422,28
EFde90dA1ACDB9a,21
A704Fcf93E14610,35
7c63dfA632B396b,21
7E309aCa23eB1Bc,7
509a0C115552FcA,63
4ebcfaF5DBbd216,63
eD4f2CCc68F4B91,28
fa3779Eca6D4EAc,28
D72F3F1D603Fe33,28
D2Fef20Ab79524f,35
2B17f8fAF0Cf4e2,42
Af4a31Ed660c130,28
1E3CdFECc5afDfe,63
92dCB7CAA54bC0A,49
30e11bf3048a6B1,35
c176125f931aB6f,21
5AaF7FeC6a4c9dD,35
32FAFddDd54B4DD,42
476C40c6C7B8FAd,21
370e544FdE4b4c1,14
D7a9fEA54a0Fb29,14
Cdc4eDeC074753A,70
bD7465FCDf4E1B3,49
CcAc57be6d6fDcE,49
73FD1aDbE46De6D,14
5Fad16893dC86d7,70
6d8b7def61FeFdA,42
e6ba4a06c116d18,49
ffF3D661D7a1C15,28
9ffcb3Dd9eC8E79,28
C69C61CFaafa9c7,28
10BD34C90DF2Df1,21
7FfeDBec1d2f968,28
c7d8A09F0DFA8da,56
E01F9A66Fdd52ab,42
9Fd4Aa5c8aCEed3,21
f091cb15f398be7,56
A7e83ac37697f5A,42
3BC113ea6FF7c7d,35
e5fA17Cb626fcC0,42
DC316BfFe3a441e,28
d692Ee024c902Fc,35
d417EcE41c8EE1E,14
C8aeea4f225A57F,28
0127ce1f2aBf3CA,28
c91ED6E5BCd817f,28
f2DBcC8deF63248,49
c0Bd95830d2b16f,14
c05451F3D67f4ff,14
6056fFFfae9EEeC,35
dFD6E6deBdcFEBf,21
fe96568aA49eFc7,14
ED0B9CEaac7bF78,63
61BDf016EafE7AA,35
bD8E4BDbe409DEB,14
75b68EcB62f9CdE,42
8924cC6c6140D2F,14
bCf9f16F2443AfB,35
3D38bf7D1db58A5,35
ddA8d79F2E9a95a,21
2A6d2ee9f08A3CD,63
D25ac14EdfED03B,35
6C040ce360D3567,14
7e8Fc9C8b1D0D6b,35
984abB9002Dc8C8,63
423BaD78eD9EDD3,63
7Cd5B2cD6455F04,35
50a510FAF908C68,35
A7C5edCAC5Af3D8,42
eBf23fA95fc0dAD,21
ba79DD1d8d6e3f2,21
5Ba90Ba08E80266,42
Bb1ebff082BEDBe,77
7CED04Fb9ebD531,14
84cb5eEE0711691,42
03FF120CCbF0Daf,14
8AB63F2CaD19DCC,63
dEDbcAC9C0ab8af,70
0efF73E830db54A,21
7C5c5DABE20eafE,56
dcfEe49a0cC07d6,70
A15CDBDcb952b38,63
0FD4Cd575ABCAa2,28
ECD3BE42c4D9963,35
1be6363eF14d383,28
66Eb2bDd28b0fb8,63
9d8c0b0edd5f49d,70
8BCA4Cbc78082E5,14
606fd46Bfb081Fb,42
5D2f2FdD4D0A566,42
F1fA834ceDbE80B,42
ab0615B96A7DA56,21
4a3cFa7BAeBcE63,21
a8df8bAaedBbb4A,70
198bD80fBC3ca9C,42
d15dD938dDf765D,63
AAe5eF5F68BDCc6,35
2896beadcEc97ac,14
333c02d3ae7aA39,28
93B1CB3d6e159Db,28
7E6fDa67cC32Dec,63
1FD9B5dB2d6FE8e,28
aEcf01bfa561cbC,35
aB7fdb8fD23Ff79,42
A6339Ada713cc92,63
DdB94ef8cbbec5e,14
6deC5eCa1E9D622,35
Aa22995e5Cb6FCE,42
CbEfF5fDA9eFf4A,70
DedFa328dE6D502,21
eB6fEF91ED69186,63
B58eb1089CD0Be6,28
565b62CaEe03b5D,49
F8aADB43E735f1E,42
cfcc5Eb2bBF2584,35
C35960aDc6f6b53,42
c972A0e7A243bd0,21
E00dEbbD120AD2c,21
C505b4b075E5356,42
DBA26B8dccFc37c,42
844118BF6eccBF4,63
e9a6eff9F499CfA,14
A6F3691739Eee30,28
8cBD02caa6088E1,70
0Dfa7fB2C4AeA3C,28
96f9feaA86ae78b,42
B8d9Ba39DE4fc81,70
83F6bBcE1aCeFcD,14
24DD1baEcBd28be,14
1bC5a95af61C26f,14
2aE41a2C8e4eC4D,14
AFefba2867A4b93,21
72AE9eF1161bDBA,28
87dFADd5C1e8CFc,21
89b5137C4AFb8Fe,42
d6CEaF215AfE4fE,49
F5fd4eFEAE4E3Bf,28
3CDf654FfAc5CFb,42
A2F89bd6d0Ba053,70
B98fC3C7bB0EeDd,35
7fBC4bfEdfd5737,35
4Cb1CaBf8cDe3b5,35
ebDCce6AFE0b1DE,21
6eaB9b8a2dDfE67,14
7c1eFcfEE0bd5Ec,35
9cd3ba77D3a06A2,63
6da01fECF13C170,14
8E488862FA86BFb,35
d85c8DF69C9454e,35
c65E1dEdAFF2D6e,7
d67E4eA43fEF377,35
7529b7fCECA48D1,42
e5fa648C2BaE70B,49
8C349aCE746F031,35
6BdafeAdc8F4098,42
F7a81dF1d5D6183,63
Ec7b8fefB5193Ab,21
189cFBE0Fd1aDbe,21
Ffbf34Cc2A7Fdca,28
bAb40818e7AFEE8,49
Ed4B9Ab44D0EE0c,35
c1e7d4ce269A8Ee,28
7f3C75aeca4dC8A,63
6AF78539A39B16A,70
6b146FC644Dc93c,49
C1FAbE4a52118BC,28
4fB14a7af656eF5,70
fEffB1e154593DF,21
f4e80e812Dfd7a8,21
4bfc21CBfEcEbf0,21
1dD294919acdEDc,42
8DAD1A39A0e9cBC,21
7cDB49DAaC59bd3,21
6f70B57b03d52E1,35
f3C2dDDa72f480b,28
8d78F1AcB97c209,14
e8D368A639eaAFE,35
3ecb2342bf83f51,35
89BDaC4a3366F8e,35
bc24ba5Cb4b5EeB,63
De4E5A6Ad57DEcc,42
bbADdcaD239BFd1,63
d50A5d6CCdCfcdD,14
b0CDDd9C5d5AEad,42
D2FddDfe4AEE5a6,21
1FD734cAd1f3Df8,70
AF1C0F47AF0cde6,35
0E4EebDA0bF6CcC,28
2CAFF5A8a3aA8E7,70
f428da80a5eC8a3,14
fa67C426eb42A1B,63
b4274CcfAA91B27,42
8646571C3a2C0cc,21
F6AFfd31Dd140AE,77
C73eAa6C2d03386,77
a3ddFA37ECE6694,28
ceAF3E1B7eFa5be,63
3a8545cc1ECFAEa,35
FaeC9652CAEAcd4,42
B5D7c89CeEB374E,21
09EA9eCb1ecFA44,21
8D3Ca9befDc0Fd6,42
B99550Fd8Aec8dc,70
9EB1fb453694Ce2,42
F8BcD4dA4EBD177,14
fe65D579bce3D09,35
Cbd4BdAED7Cf706,28
e1be9D3f6A0Eff8,28
b4611a92273cdF3,21
6C3DE9Ef86f2565,42
A6BD7F4AaeD174E,49
FAf78754BC72EAc,42
0b32b75FBEf5e56,21
cECaFaB7dAADb6a,63
DDB9A6057dcE2Fa,70
bA62C068dFA0A02,42
a6e2B82BfCedc14,28
eEa4Ef8C1DcAE6f,35
E23FB07B3dAcB95,35
EefB2e3cC94D5bf,14
1A52aDBeD907cBA,28
1557987c6BcDD62,28
FB974ec3e0af5aF,35
78B65D4efd4D6Be,35
ac429F33a050bc7,42
ae1DbcB205d046e,70
3bBC7C2aEA1D1e2,70
B0bF24d9CCBe6F1,14
7FBaB8d21ccDead,14
29559d7c85CbF9A,35
FC5f4dBedc3Eb26,42
B5779f8323b3FEE,63
c6Ed335eF2321cD,42
10EBBeE09c3Ac4F,28
686D7eF248bD46D,28
90Bb0dc4c6997b6,49
2EAcB40dCCe5A3C,35
466BaE36988e282,49
a8219B9AaD692dC,14
cc384F77e13E8E2,35
CB2AcDe839FAB0B,21
60DfDbCBFEf52CE,63
80DAE8EcD175E4a,21
3Ba647b072241EE,21
4ED4aEaef6D5eB5,70
E6Dd00CD351B927,28
C20Dc21f426cCDF,28
19eDea6A06b8d0C,28
df10dfcfc3fAf8b,70
4c1C2B937C46ca9,70
EE54eB5b320248A,42
9bC8FC2ab4d7FDd,21
CcC3e3039bE39e3,42
b9B3d7a8f329aDf,63
1d6877f75d823f3,42
de59d8eF2ddae90,42
AAbeed01991c427,42
cbeCc19e7cB1ad1,56
761e0CcB85eebEB,14
befDdb7280C8EfA,14
cccAF1eF6b2c3C1,35
8e04cF9a83faA26,70
3bdbC4bfF3E7eFB,21
0fc7759F67BA33B,21
BdbE204eEbAa730,21
D1E35bE55F09fBC,35
84aCB6Be5B7FEdf,70
E6Ca6D5FA1b2Bfd,28
Cd1d4FB3dd1BcbA,14
643F16A7004Beef,63
5A2aAc73f5A0FEd,35
67977Aca85766cA,63
D839Ea24F6d846e,35
476DBF47f35EF3b,35
3AdaE1DAB42bF3b,21
C3ABfEd72DbEcAd,35
d8c90f5C5D779f7,14
75dcf63eC038dfD,35
ABD7ebDECd2e1cF,28
BEbB32e35088fCc,63
11d0cF4cab1f82d,21
85fBAbDae6FBe2B,70
EB24Fb26BCAC333,21
bDAd80cEfcfbC0D,35
5b99AfC410ab17B,63
3B6C0646bb56c31,77
55F7ffFFD315E2B,42
9A10C1C1F9bdbcC,56
615aeeCD7445651,35
C54BA78fDad0d8E,42
DcDDCabFDB3FCf4,35
4CFe66D8CdaEfF7,56
4C026DC9edDab5E,70
5035A0eAe0C6f7c,35
011cA1dd506EcD5,49
9d31Da92614E51e,21
E3de91e1319A24c,14
d5FfFD074Fc86f5,28
d2f9c0E9c02FDEB,35
49CA62cCfe22Ae4,70
A5a9F4CCDE46C2E,63
B8ed1adA0cF9C0D,14
C71EC4bCf14cbe9,49
4ed7B7E5C78f61c,21
7EC4F9948d777ae,42
6f7DF99aafCD7c0,63
E0eeDC95a11Cd2A,63
a4662c3dDd5957D,35
29122FebDa95055,14
f851dC7b9a2B4F8,21
A963cEEEbf56f94,14
587677B37AeEaAf,14
32C5fc1d5DB50B0,35
39f9d8C02dAb214,63
9937E3AAdC9Ffea,35
F7540cB4792e3b7,35
ca983eFe9e558ae,42
4aDfCe2ad65145d,42
3dB03dfeDacc5f5,35
FBADCaACBAF6f5a,14
E0be93dDe34C9FF,21
Df8Ef1Ba5ADcf0C,28
0fEFfcF6349D66C,35
1Da80d9edf01D35,14
d1C2349fDaf8bA9,14
CeEF0CA0a0f0B71,21
DA6CCb2Ca58BB36,42
e0DadE4d6D8bCF6,70
0E0e22fBA37fddF,42
4eeAED10D0945D1,21
1ec7b87F0BCBfDe,28
EFFB4f3C0b23Ec4,49
aABce903489f053,42
0FB2FDA85b2E856,14
5EAF22C3B9D27De,28
BFC51F177260eDf,63
c22af385d5caECB,28
D34d21243DE6510,63
fE24340d347c407,21
Cbc6D18F9B4959c,70
0bB5aea1BEFb33A,14
cBaBc2bf5b2aaAF,14
17D69C6177c36F3,21
AB29c0fA5cEC125,42
7442C70bCAD080e,21
ecBB0FE568F690E,35
8dfd205b3f96814,70
f7B92eCeBAAA66C,63
8cDB9E3A9c2e23A,63
e8f4E0aCeC07FCC,35
eEfd8513549A083,42
fAB7cAd0bBb5D3d,14
99d6aDa8fFBDc3f,21
9f86B9b68c51eF8,28
cE7Ad9bF457AECe,28
cecABc07ae2fDC0,14
4CDDEBBDb9DBa2a,35
ECAdF456EbF6ADB,21
FE79EDEDAE1DC4f,70
a0a08B5f0e73bbe,70
1b2bAb4e1Ddd80F,21
b47e9685aB19F1F,21
2367524cAd7efE0,63
9578dCCE2219CA8,35
e2b86573F4d4c10,21
9CDE423a69B1ABF,42
B9eA5ce3DaaECeA,63
eCC0b3f0EC5AFFE,42
0eF76eEEb0dC569,35
Fd966D0cF71C189,63
b1dE9fAFfEFfeDC,21
EeF0fC4fBe53Daa,28
3Ee7d410dD047d2,35
E27D973b4c8eC5f,35
CEa42abe1CdC4A9,21
f2D8fb341CEcC6e,42
575167Ee04bfe9B,63
b1E1BaB80e24F6f,35
d632dDC26aaa07A,21
B6fad5EAb7DdB2F,63
7DFbb5bBDd6E13A,35
90dd8A360AFA792,49
2Ecb3C1BA8E499e,63
3dfCeA5710aDB6E,21
1532721fFBa1E43,14
24d7F8E9Fa1C4Cc,35
ddBc60ef6cB2401,28
EF6Cac207c3B43d,35
1cE83878fb8ffCa,42
B2FE80234b2667D,14
d476a9aAc8CaaF3,21
f2A9aDcd66D6b05,35
87FDAE6ab8dCEd1,14
d7afca043EF3BBd,28
bBCb546b2fcAFDC,63
Ef9e2F8db541c98,49
0Fa0f5cCFBBAD39,21
e5f4FcaEd9A05B8,35
eBfF9fe5c09Efab,14
b711d413bDD0cd9,70
bCccbcceC55c2Ea,49
CA20EfF07887d2C,56
63CA92D91B94d9d,35
7C4De3fe5ADFAb0,42
C74d1fa9562ac4f,35
8Dd77Ef4E0FCe67,35
2eAB81e572a9C1A,35
2B0473314bA5004,35
AEda59EfB8bE8f8,14
23bb4BC30aDC7a4,28
721b07F1dcFAdD5,35
3dcBC7a940b2Ed9,49
e9c2EfCaF8f60a5,21
F0502F3F669dB4e,42
CA019402BD4b0Cc,70
Ebb3f7fDfC2eE90,35
E53b34EcEECD0E3,21
DEDDC74ADc15AAe,28
e343fFF63A5ea04,14
Ada5E20B5e3ef3e,63
0d28dbdAF99e0B6,35
CF6c8c520Ecfe09,42
3F1E4b7F97aECCC,14
4deEbF21Cf9AbAf,35
FaE74E3Acfe06DF,42
9a47D6e30437dBd,42
fdd856649cf6cf9,28
3e1f0E7CD02383D,42
CBF31AE46951f18,21
aCb504dFeAEc130,35
97a290Cef9fBaF4,42
c509BbB98bDCd47,70
232f8d0fDea3A95,28
0B61CFDDFbE8E67,28
33EAB4b9c1B85cB,28
Ae4FaaaA6A4Dd3a,35
4228BaD3A6AC0cB,70
2b3AB6FaAB14b0b,63
daD7Dbfec6dDfFa,35
21F30aaacf74730,35
b0EfC18FAEd57Ac,42
81E0f14e35dB30f,21
42f9caDEFfCFeff,14
7480eEbf45Da02F,28
dC0F589C162c4cb,14
caB0e07f28d3C15,28
8CFEd0E7F7C8e34,21
d7a4F66B4120963,63
cBD9eB12c28f4Ca,28
03Cf4fF9682768D,14
f2542fa8A628310,21
dfdD1d3fd34c3A9,35
cE2a823F8304d56,42
80cE041FF0a07BB,63
FeE0c3EEBDdeDE6,63
f88Ab7EbE08FBa3,63
514b6Ab32986a91,42
ceCCD0e161eF449,70
62038ceA801FfBD,35
3f3A802af2D454A,21
EBBaF4bB9bE87d6,42
615E4e0b9dfDFc5,35
d0503EeD5D77cde,63
E096dAF5911CdeE,35
a4cbdfdC09DdDBe,42
A7a0Ce5bFB814bD,63
58e0aC1a3CD3Fa1,49
A2faA4EdD11A3cf,35
4A777E731C115Cf,42
FD553Fc76D76cF5,42
0D2b41eEB292672,63
eef5c2CffcaF65B,21
f8b57b0CC7Cea6C,35
D81aa4e1B233DB0,70
6BaB57DA7F29fF2,28
2C8Ffb8e2d55bd1,21
fED592C7FEA402b,63
489BabE5d9d18A0,28
E06985C5b4Fabc7,21
4c811bDAD8e9EFe,35
Dde2Eaa40B5aA34,42
cB0f0c7D267be07,63
2FfC78841338aF0,35
FFE99cF0fCe9Ce2,14
FF1edB4dFddf8e7,63
aBdfD078cB6cFDa,63
6d2c7Ae906990cE,63
fEEcdB1f7b9BC28,63
8dCe6c7dafE6Ec2,35
80C6FD3ed10cC48,63
5B30785d562ddE2,70
Cd8b43bd0afDDBc,35
9d6fF4AE40CaFBc,42
08CF0FAA6bfdE3E,63
bCdCfa6aB5F664D,21
9c50894aB9ddEbE,70
Bc557776a7c0E97,42
0F2CCfb5e42885b,14
9EC0a8680D7eD6C,14
fe6ED7D6e5D2DF6,70
5abE66D73d118F5,14
d3F18dbecFe9E31,35
fee4D4dbA8fB872,70
6fd791aB05d61e5,14
1D624a79e80C7CA,28
Bc86B3aC000f5e6,21
dC7C2cFa4d08fA1,35
0952CBedc11c908,63
Fba350bf39eB2bF,35
b8Bc8db6b4B6283,70
ae3aa2f2C6cD0FA,63
77a4cCD5aAD80dC,35
A68E3023E175A93,42
6f21B17821AFAFE,35
eF7Ce5Cda951B24,63
c86636fbe4b4F12,28
CF125CCf615eCfb,35
663f6d1Df19fAd3,42
29b42Cd2e9FeB7E,42
08B93E48F9288fE,42
f395f01Efc2a40b,14
8AE7Bff381E6e1E,28
F7a9DF15dA090a6,56
3C5De99BFaCBcA0,35
28EC8A6c533EE76,70
72ed0d0Db20ecC2,21
3E1Cc3B80bBf6a7,14
93eDDBBD69DD4e7,14
FC81AcF6726BfB0,42
0221d9Fcd7F1565,70
eCcBAFCCfD4650F,28
B40d0ed86Ee4CAb,35
a87EE4e7B2BC0fc,28
EEf5aFcF4F4A0FE,63
ef2e757FfcAAE02,21
C49A8F3b669A8FA,70
9ad8A9Dcf4aaDE6,21
8bc88a7f53f5fcd,70
dcff0f2e0989BF0,70
5fEB1DaA1D2D5aE,63
22AA767a715fDd1,35
1Fef09ec367fdB2,21
27F24aDDbFAa357,42
dB4a8D402c9219a,42
8F6Edb0eC90b8ee,21
BC023351adABA3f,28
6788e2ceeD39442,70
0fa3A5fE34dF4c8,63
6FA75Faa33CeC0A,35
a2E8c59144aC668,21
fBAd0dDBedAD694,42
C6CaAbb55C388f4,63
85D9EB0A5CAD9c3,70
1fEaBB8dD4AAAe9,42
bbDA519deD13f3A,21
Cf08BA3cEEaeD7E,42
f18006cCea5b0f9,35
efabE17ae0EC143,70
FBeef8BBF89839B,35
DcEF2D552EeB6cD,21
02F874023aa7EdC,28
916C65CaCFC8dB8,21
04bF7A88938DFA9,70
dd069CD91C3af2f,49
E59E0F3EBBFB4cb,35
Da38f35aaC29bA5,77
0DA50acF1ceB0Ff,35
ACbCE0C0Fa98fba,35
1dc4Feb8ed77B5f,35
d1afd5FAe2a0CeF,14
e43d88Ab4423DDE,42
22974aDd6b3A82E,42
6afbd962D716B20,28
729B58A9aCC83F5,42
EdFD99c0dAAA7C6,35
9CE8Cfea228e7Ab,14
AbB1e765928a75f,21
253A4f01E208bC1,63
eac38c69B0766bB,49
2EA335efc892A56,14
6Bc6F5DAb3a1fac,42
bdCafCCDBCcFfeD,63
dFac261358E1F09,28
872aEFc49689cFd,28
055Cc65fA3cb70E,42
C1A2A0fff9CdedC,35
FFbdf3Eedd9E42E,35
6F8deC13ED5aD8F,14
8EA3BdFe9D0196F,35
bBB9eCdDa5cbfef,63
Da6498B99B7Ea60,42
a1C90d0b8Be3f5c,35
ebB6db0fC19bCA9,42
18fd16eBB55E3BD,21
8Cb2D6ecEcEdCFA,42
B93f56c5990C786,63
eC9Bf79f12de98f,63
8Df2C4Cfcab3B3e,28
EB4d173Ce6Ceea4,35
8EE475Dc4f36E8E,28
eCCfd602867DCAa,21
ffbDe7cBEDe80C5,21
39BA8Bc87FBB5B5,63
C8A3F7FA7f5a9Aa,14
Febc9B0DBdb4Ec2,70
0f3ca5BEBAeA1bE,35
E9fddC9dA8153aa,70
7abBDb255EE11Af,28
1edA58635907a2C,70
657B1cc86D91E4C,35
9DebE542D657fdD,35
c7aaC80e6Bf88cd,35
5Ca9aDDDF9Ef1ba,42
d0F1A6A8EAc22Ed,35
Af3966e32AFd9bF,28
134ECcB64EeDea9,49
A6Ce297d6dEB86E,21
eE6Bb621293Dbf5,70
F4BfCE2A03EAEea,63
CCEa650aBE9EeCA,42
1e33fF8E8cCbEdC,35
7d73304fCaE5686,49
1A34EAd16bAa50d,35
1b1D6623f9c1Dde,21
53F8b227aC8Fa37,70
72b927075e2dBE8,21
1F6A1cD2d4c1A13,14
eaB88EE91897DDD,28
B5Db2Bead59ad2C,21
AD7F1E20dCC5Fe3,21
51FAE3AA5A96d0A,28
3eEB692edd39576,49
bde04CeA9EaC7c4,21
ACcfBf23d944F2d,28
68aBaeb518c0b8D,14
FcCa49D8ef27Aab,42
d6D2D7B20CF1CBF,14
18c6efE9EE90CBA,14
a59E3eC0bD7fbdf,21
B46bdc5B53bb0CE,56
C57b3D3c5BBa1E6,77
Dd214A8cE8032d3,14
98C6cfeB6eD31Ad,21
77FFA3efd7CE2df,35
C174EDFAFC6F1A4,70
23d0EE3Aa8b9BE0,35
7dCa8189d36D3Fe,28
c9c20cfF96aE5AE,70
E0B97F7baC90F9E,70
A02ca8CDDf7FD2F,14
66BcfFF246FCcF3,63
944cf9Bcf8fe6fF,70
bBbd3f120C175d1,35
cab6491AF3bA1B3,70
D0350c111CF8144,28
9319d3d15173b76,14
8639EBd8Eb5a265,35
198AAadF8D4D729,28
D7dfdc1cCe0E274,70
AcDB0F5F94BC335,14
16c62f3648b92c6,42
feCacf393E9fFA3,70
EDc5B7D9a1989BA,14
f4CEdBB6019Cb20,14
007E9a3B9bfadD8,70
F3f72B3b850404b,63
56FB6Ce71deDE0E,63
F2306936cfb0B6f,70
bFEb5126b2c346E,14
Eec1cdaccd40aAd,28
3E12DcE9fFE5Ec3,70
2Cd6BE39A6A7d37,28
9ccccaaaeeec178,63
E3b9fDcAeB2624a,63
BA3e160187bCd1c,35
c8A4cE7B6CFBDCD,35
889BbAD4Ca9ad26,28
7Db88D0Db2B4DBC,63
1DD5BF0500d0Ece,14
DAeb5eDfB35b0Ef,49
f1f4Be1BDC3F052,35
bd8cce42714bA8b,21
704FaC0bF5aD35A,42
7ccFA2Bea0CcDAa,63
fB090C09fb3ca5A,28
4af83BEfbDEf07a,35
7cA5b46C5f87eFf,35
ba23cBd4a614e0D,63
48c54c3C4E747fc,14
fFD2ffC79E647B8,35
47f5A4A8be86eD4,21
C8a8cDDFA4a5dCB,35
b0FbbDaCD0Ac639,70
D366bf45De28f5f,28
d43e982406e2fAb,28
C33e731F74dfD0e,35
db2b14dF104Fcd4,7
bE36731BF8AF8DE,35
fe2dC7CB41AeAe5,49
612Cac04e5a67d3,49
9C2Cdb037f8Cffa,63
7f794CFE6B6f6bA,63
ee031f84e28E67f,42
A6Ed67C6FE0DeFB,42
34BCaAE3d9841BE,35
d8defB6C2FbC9d5,42
Afa6feEC2cbcB3a,42
4B4fCb3E6FBe3c9,35
16f7d9B5aEA662e,21
a66f0cB1c5daE72,63
9dD6eDFf71BcCa4,42
b90d4bEc40faC15,70
DEd88408b0D42c5,21
ecfAAf82B6b8BbC,42
eeEAB193eda1313,56
b182ad5f3cEf859,42
046C20455Ca88d4,42
C73ebeDE75B481d,14
0a637f0dF3f572b,70
EC6B2fb49E063d0,70
8C3AdaafCADB80f,28
1E7Ca1bfD1BBcE0,28
f3ceF2DD5fd20d7,21
C9A078b75a9e2C0,42
c9aC72D386F2AED,28
C6A02E4f2CE73ba,35
C7a3EdBd92f8bD9,14
CF860EBB6f1d3BE,63
66A468927f5ea0F,35
7732eFb5A95e735,42
6EdC5eA8eD97Ad9,21
9Bca91CBf13e232,70
E1Cc715089cB6B5,28
D54ACaB9bAAaBE4,14
DF4f7aD5AfEE45F,35
9b92Dfa70C4893B,70
D9fbC74aEaf9bDc,21
bc371Dc84E2bdb4,70
7bA67f3B393dfAf,35
45cB448A005bD2e,35
c0273a68FE8bAbA,42
2F82977AfE653bA,70
6d98016fb7cfEbA,49
BFfF24c9260cca9,63
385D7a22B8aBEaA,35
07BffDC6f20FA22,42
7cDDcB0623E46db,42
a31cb4C7af18BC2,42
314C2CcE08E9d94,63
bd8F30EDB2DBC33,14
aCecdC42B3d2AE8,35
bBfc7aa14E9a97e,63
50215770dc53A57,21
110f3E8cA956B8e,70
AE6b5a4c6c1E88d,35
F5098548Fac27Ac,70
d3C2c44A981007b,63
baD7fAc6efb4fBd,14
CdDB07aa8d3aa77,28
cF2F60389dBEB0b,77
cF171eC6C9a9057,21
ACf7c78FDdcC5a5,63
3FbAb7e599875fE,21
93978F329dAeff7,42
ed9f2d9B54Ab0Cd,42
cc088DEB113a2fc,49
A2bcF520012ED83,63
5E80E7f2E76afC5,42
3fdd8b8bee17CE8,21
e6fbCd4Ff0fD1E6,42
d8aEBF46C93d3eF,42
9cBdc38D5F5B3DC,63
CE1B9AAED3aDb27,70
B0DDcAF14FAb48d,21
dfFdBAF67DFfE0C,63
D0c8B2C814fba4A,28
Fe224E9EFaD245f,21
9fb72D55223966F,21
eDAa0a4Cd262955,28
FCa7D717F91FfDe,21
4Ca3Dd2FDB65a9C,35
FF227cc021Ea84B,35
220F4D3375531EC,42
6EaB77E4492580A,42
D441A613d831445,42
691f72764BaE08f,35
1BAED5b1C16b3fA,21
2Cea57CfDfDafA2,21
Ca0d547654F6316,70
aBc2F3D2bdfBc67,42
4BF17AC863A0339,63
6867dC434813eB5,35
c5017A7363D0720,42
eb9b0eB3fF2256C,35
09fFf7cCA8D3bf3,28
d5dfA07BFCf3946,42
fDde0cCf7cccE54,35
4B8BEAb33daceac,35
a67B2fea210a9DC,35
b26CdD66010ecBd,28
35F8AFBDD9B8b12,70
a8aa2c636e01F3a,21
90AB26bF91D66aB,35
d25aa0ec303e0B0,42
cfAD4d3cc725a59,42
e9CcAEBdb9A92f3,70
aA3B492f7eC8B9d,70
50f1B29A6AE343D,70
7E4e0ca8C2dcEB6,77
0F1575E7AfBA4C4,70
DbD730D2312bd6f,14
0e26cC1FcFdCBEc,21
3fA0DEfDa094CCD,28
89Aa4ca8CB9BABC,35
9988cbFFf2e7ced,35
8cC0e6C6CbeF6FC,70
fd4f2dCd98BdCB5,42
6e3A62cfE5Cf4b6,42
Dbec4DF05fbdE3d,49
B906fde8898be75,42
eC843aE52d1726F,42
3783DcCEB28E2Eb,14
bA95FF9daFBfFEb,28
CB5dFFCDE9f292c,21
